godot_uri	consul_names	not_before	not_after	wikidata_uri_1	wikidata_uri_2
https://godot.date/id/LCjykJrfnJ8252tWmvszk6	C. Marius VI ; L. Valerius Flaccus	-100	-100		
https://godot.date/id/uH9xcgPxihgkLGc6QRS7CU	M. Antonius ; A. Postumius Albinus	-99	-99		
https://godot.date/id/FakJ5pBt3H9oxeUYS4rWRJ	Q. Caecilius Metellus Nepos ; T. Didius	-98	-98		
https://godot.date/id/vjcuc9FTf3pEFXfHu4hzqL	Cn. Cornelius Lentulus ; P. Licinius Crassus	-97	-97		
https://godot.date/id/KiHo88DvbCPi8mqvXEZsSn	Cn. Domitius Ahenobarbus ; C. Cassius Longinus	-96	-96		
https://godot.date/id/nuBLZaKxTbXu4S8Egck3gY	L. Licinius Crassus ; Q. Mucius Scaevola	-95	-95		
https://godot.date/id/dRiP7ouKtJhs6cxgMGSWej	C. Coelius Caldus ; L. Domitius Ahenobarbus	-94	-94		
https://godot.date/id/2kuR2S3qfg5RPcvbnywvC5	C. Valerius Flaccus ; M. Herennius	-93	-93		
https://godot.date/id/RD4DCX9brDApEsnadKXMCY	C. Claudius Pulcher ; M. Perperna	-92	-92		
https://godot.date/id/9WBqaMNFEDXmPRqxz8Hz9b	L. Marcius Philippus ; Sex. Julius Caesar	-91	-91		
https://godot.date/id/XWFV3SGBoPqN8NcNDneQpF	L. Julius Caesar ; P. Rutilius Lupus	-90	-90		
https://godot.date/id/pggPPs6wYPkJUQCx2UoDFH	Cn. Pompeius Strabo ; L. Porcius Cato	-89	-89		
https://godot.date/id/fnptF4GRLiu2KPwWmEp2X9	L. Cornelius Sulla Felix ; Q. Pompeius Rufus	-88	-88		
https://godot.date/id/VGjQUTDGQ4iAh6PRmAbPmN	Cn. Octavius ; L. Cornelius Cinna	-87	-87		
https://godot.date/id/S9d28sjsorBqHuy4kWx4mi	Cn. Octavius ; L. Cornelius Merula (suff.)	-87	-87		
https://godot.date/id/vp9aRXRenqHdbWuea8AhRf	L. Cornelius Cinna II ; C. Marius VII	-86	-86		
https://godot.date/id/SFrXjUYKAHWtgQhGcYd3qG	L. Cornelius Cinna II ; L. Valerius Flaccus (suff.)	-86	-86		
https://godot.date/id/EjP5jUqd8MSrphxmoARaCD	L. Cornelius Cinna III ; Cn. Papirius Carbo	-85	-85		
https://godot.date/id/xcaDWJMLbQjGNofZ2teoYo	Cn. Papirius Carbo II; L. Cornelius Cinna IV	-84	-84		
https://godot.date/id/uMFTrgPupgqxEGDaxb5t3X	L. Cornelius Scipio Asiaticus ; C. Norbanus	-83	-83		
https://godot.date/id/N5eWe9md7HnjFnHQpCaf65	C. Marius ; Cn. Papirius Carbo III	-82	-82		
https://godot.date/id/uSTUZdbj4NJEdcgEopsfwC	M. Tullius Decula ; Cn. Cornelius Dolabella	-81	-81		
https://godot.date/id/XFHMPcVzTUj9ryZdDfkZpk	L. Cornelius Sulla Felix II ; Q. Caecilius Metellus Pius	-80	-80		
https://godot.date/id/kgwFNGbbqJ6iAWzrNvJvQh	P. Servilius Vatia Isauricus ; Ap. Claudius Pulcher	-79	-79		
https://godot.date/id/vLJZXPCmhp9u4vhG2ckYWN	M. Aemilius Lepidus ; Q. Lutatius Catulus	-78	-78		
https://godot.date/id/gViBUDF3exouU4m3E8HVEc	D. Junius Brutus ; Mam. Aemilius Lepidus Livianus	-77	-77		
https://godot.date/id/rhnJ3AtKfvkZGXt2KEGgn7	Cn. Octavius ; C. Scribonius Curio	-76	-76		
https://godot.date/id/bcKbeVo9zT48Ae9xS3NQCX	L. Octavius ; C. Aurelius Cotta	-75	-75		
https://godot.date/id/VrTqonjaVVXZL8Xe75JKR7	L. Licinius Lucullus ; M. Aurelius Cotta	-74	-74		
https://godot.date/id/sDwf6AAK8WwTdFJcu5sYcK	M. Terentius Varro Lucullus ; C. Cassius Longinus	-73	-73		
https://godot.date/id/9WqKCwPv2NjfNbUG9YP6t8	L. Gellius Publicola ; Cn. Cornelius Lentulus Clodianus	-72	-72		
https://godot.date/id/C64GwnJ9opsqGoY8Vxuytg	P. Cornelius Lentulus Sura ; Cn. Aufidius Orestes	-71	-71		
https://godot.date/id/uaLaykybzPhNrdg8ht4Ydm	Cn. Pompeius Magnus ; M. Licinius Crassus	-70	-70		
https://godot.date/id/kCGLfRK4bNoUbf7odYozG7	Q. Hortensius Hortalus ; Q. Caecilius Metellus Creticus	-69	-69		
https://godot.date/id/WbaqxecQcFERY4mnJ3BgXg	L. Caecilius Metellus ; Q. Marcius Rex	-68	-68		
https://godot.date/id/YFGFF7BgGeGApkU46hAcij	Servilius Vatia (suff.) ; Q. Marcius Rex	-68	-68		
https://godot.date/id/ZqzwVrTiYSYSHLnWc5pBRD	C. Calpurnius Piso ; M'. Acilius Glabrio	-67	-67		
https://godot.date/id/my7bPZS3P4pY8e7qgLTnXb	M'. Aemilius Lepidus ; L. Volcatius Tullus	-66	-66		
https://godot.date/id/rsQnadwVo7wwiRpNQ6JbuR	L. Aurelius Cotta ; L. Manlius Torquatus	-65	-65		
https://godot.date/id/iqgmLDKJeQE7Vb9dtQir8Z	L. Julius Caesar ; C. Marcius Figulus	-64	-64		
https://godot.date/id/dSbpCtWFB57C48JVTtwFrP	M. Tullius Cicero ; C. Antonius Hibrida	-63	-63		
https://godot.date/id/ffZT99E2EpZGSmhj5KPi49	D. Junius Silanus ; L. Licinius Murena	-62	-62		
https://godot.date/id/vvpYDfMw7bSkWVn9KNJerf	M. Pupius Piso Frugi Calpurnianus ; M. Valerius Messalla Niger	-61	-61		
https://godot.date/id/HE49b9mKozL7gbfkRiFZDC	Q. Caecilius Metellus Celer ; L. Afranius	-60	-60		
https://godot.date/id/4yjK3662cNyq4maJjVAR3h	C. Julius Caesar ; M. Calpurnius Bibulus	-59	-59		
https://godot.date/id/uQL3TpErWEcNutpFmy8ZSV	L. Calpurnius Piso Caesoninus ; A. Gabinius	-58	-58		
https://godot.date/id/difRbpFH7LgEG8yWpyw43X	P. Cornelius Lentulus Spinther ; Q. Caecilius Metellus Nepos	-57	-57		
https://godot.date/id/LxsAFJmXEyAnwGnUArngSP	Cn. Cornelius Lentulus Marcellinus ; L. Marcius Philippus	-56	-56		
https://godot.date/id/ReoLtg4BhgT2P2nDCznthR	Cn. Pompeius Magnus II ; M. Licinius Crassus II	-55	-55		
https://godot.date/id/sAjDUP3EcPytUw3Htt4MN3	L. Domitius Ahenobarbus ; Ap. Claudius Pulcher	-54	-54		
https://godot.date/id/hUa93EyzE4oWXUx7DVeURc	Cn. Domitius Calvinus ; M. Valerius Messalla Rufus	-53	-53		
https://godot.date/id/2jpjXCuD92KP3dPHhA8UJ4	Cn. Pompeius Magnus III ; Q. Caecilius Metellus Pius Scipio	-52	-52		
https://godot.date/id/PXgArkcUFfBgzJ8UAZfFG5	Ser. Sulpicius Rufus ; M. Claudius Marcellus	-51	-51		
https://godot.date/id/ziyBUAh4HvWrt9iEsiMbFR	L. Aemilius Lepidus Paullus ; C. Claudius Marcellus Minor	-50	-50		
https://godot.date/id/as23TPwde7BpuhCJHH5Cyi	C. Claudius Marcellus Maior ; L. Cornelius Lentulus Crus	-49	-49		
https://godot.date/id/HdWLSMd5PDjnS4cFaFPnKg	C. Julius Caesar II ; P. Servilius Isauricus	-48	-48		
https://godot.date/id/tACh7vheMCxvyNyJ4AftbF	Q. Fufius Calenus ; P. Vatinius	-47	-47		
https://godot.date/id/hzRyoTYXn6igEdobVARoc3	C. Julius Caesar III ; M. Aemilius Lepidus	-46	-46		
https://godot.date/id/UPVg73mqkDxgaKyKnRHb2j	C. Julius Caesar IV (sine collega)	-45	-45		
https://godot.date/id/sUYjY4naF7MmpTRRnnbD9E	Q. Fabius Maximus (suff.); C. Trebonius (suff.)	-45	-45		
https://godot.date/id/JtaewQs2kqaLC8JRhsHkeP	C. Caninius Rebilus (suff.); C. Trebonius	-45	-45		
https://godot.date/id/h4LEf6kvWTzsrKrXzaMqzT	C. Julius Caesar V ; M. Antonius	-44	-44		
https://godot.date/id/rJAckypDUNWLpugFJakiG7	P. Cornelius Dolabella (suff.) ; M. Antonius	-44	-44		
https://godot.date/id/k2DrKLRMBiGCoxCUbyGex6	C. Vibius Pansa Caetronianus ; A. Hirtius	-43	-43		
https://godot.date/id/amULoAWLMR52baKeKC6m6e	C. Julius Caesar (Octavianus) (suff.) ; Q. Pedius (suff.)	-43	-43		
https://godot.date/id/qZGx3FLuZCr4oZMaYvYKp9	P. Ventidius Bassus (suff.) ; C. Carrinas (suff.)	-43	-43		
https://godot.date/id/JhAEkfshoKrFxXhZyTpYbN	M. Aemilius Lepidus II ; L. Munatius Plancus	-42	-42		
https://godot.date/id/669TKQK259XSWrn2wbJHGG	L. Antonius Pietas ; P. Servilius Isauricus II	-41	-41		
https://godot.date/id/9CUZgzdT259QGSaN5vukU9	Cn. Domitius Calvinus II ; C. Asinius Pollio	-40	-40		
https://godot.date/id/hPWopQhcv6x4fASv8no2iF	L. Cornelius Balbus (suff) ; P. Canidius Crassus (suff.)	-40	-40		
https://godot.date/id/xoSnNNBCbQeptSWeRyzhE7	L. Marcius Censorinus ; C. Calvisius Sabinus	-39	-39		
https://godot.date/id/LMfNkqENdFaT2PGWnGSEGA	L. Marcius Censorinus (suff.) ; P. Alfenus Varus (suff.)	-39	-39		
https://godot.date/id/BDenRgay3CAVDd3VbmKAXm	C. Cocceius Balbus (suff.) ; P. Alfenus Varus (suff.)	-39	-39		
https://godot.date/id/66Frd3UZpQmA4JMJvAE2aa	Ap. Claudius Pulcher ; C. Norbanus Flaccus	-38	-38		
https://godot.date/id/qcTupBLyuSn24LTUZFSnUk	L. Cornelius Lentulus (suff.) ; C. Norbanus Flaccus	-38	-38		
https://godot.date/id/M4x7qhaSoDawUJECrytVrb	L. Cornelius Lentulus (suff.) ; L. Marcius Philippus (suff.)	-38	-38		
https://godot.date/id/LJNzCjuVMPa5kTTqHjnypH	M. Vipsanius Agrippa ; L. Caninius Gallus	-37	-37		
https://godot.date/id/uptVgLNskTEaQB8dVnvjPU	M. Vipsanius Agrippa ; T. Statilius Taurus (suff.)	-37	-37		
https://godot.date/id/zEVNeV2JPEJV7H6dHsq8GT	L. Gellius Publicola ; M. Cocceius Nerva	-36	-36		
https://godot.date/id/UpkiJuPLCXeby4RcHqyJRg	L. Gellius Publicola ; Q. Marcius (suff.)	-36	-36		
https://godot.date/id/dXwiQ8kNryEiEZKrMCXizQ	L. Nonius Asprenas (suff.) ; Q. Marcius (suff.)	-36	-36		
https://godot.date/id/PNiuHzqTLtBSarM3hRh55d	L. Cornificius ; Sex. Pompeius	-35	-35		
https://godot.date/id/iZT7zKJZnZ29iubwBYYUgB	P. Cornelius Dolabella (suff.) ; Sex. Pompeius	-35	-35		
https://godot.date/id/zTCiytMSG5pEtg9FiJUxZN	P. Cornelius Dolabella (suff.) ; T. Peducaeus (suff.)	-35	-35		
https://godot.date/id/HED2S78ZVdupCZwCy9AVXH	M. Antonius II ; L. Scribonius Libo	-34	-34		
https://godot.date/id/ZrtHpQckHArwT5f6w2QvVE	L. Sempronius Atratinus (suff.) ; L. Scribonius Libo	-34	-34		
https://godot.date/id/QjGZ9gs7AFQZsFQjaXtHpf	Paullus Aemilius Lepidus (suff.) ; C. Memmius	-34	-34		
https://godot.date/id/2u2QV4bTcvvatGZmzCadH5	Paullus Aemilius Lepidus (suff.) ; M. Herennius Picens (suff.)	-34	-34		
https://godot.date/id/ZhW4MzKi36EGy2CT4jMfGQ	Imp. Caesar Divi f. II ; L. Volcacius Tullus 	-33	-33		
https://godot.date/id/UU7V3VcwL8a3Uc3WKaPNs7	L. Autronius Paetus (suff.) ; L. Volcacius Tullus 	-33	-33		
https://godot.date/id/p9bYNWgYYoQLqXbcchQ6dD	L. Flavius (suff.) ; C. Fonteius Capito (suff.)	-33	-33		
https://godot.date/id/MCgqKfZPiFfDAWU7vdEaUC	M. Acilius Glabrio (suff.) ; C. Fonteius Capito (suff.)	-33	-33		
https://godot.date/id/aUpJFo7eWhHx25jSVX6AXR	L. Vinicius (suff.) ; C. Fonteius Capito (suff.)	-33	-33		
https://godot.date/id/4gYc27E7XzyhZeUSySgGjW	L. Vinicius (suff.) ; Q. Laronius (suff.)	-33	-33		
https://godot.date/id/jGtAfMcfqh8Nfyhc5B8Vng	Cn. Domitius Ahenobarbus ; C. Sosius	-32	-32		
https://godot.date/id/8N4FEtFTR3Ub7u8FxyMQ2D	L. Cornelius Cinna (suff.) ; M. Valerius Messalla (suff.)	-32	-32		
https://godot.date/id/mDKq4purw2ginvvKuqbNS6	M. Antonius III; Imp. Caesar Divi f. III	-31	-31		
https://godot.date/id/8zDVm9ELrZhJ4EWpSPFwEd	M. Valerius Messalla Corvinus (suff.) ; Imp. Caesar Divi f. III	-31	-31		
https://godot.date/id/WMU2xDPBPCuVkFqLrCMqmY	M. Titius (suff.) ; Imp. Caesar Divi f. III	-31	-31		
https://godot.date/id/HCyzYfnV8LWYiWY3Mfr8rW	Cn. Pompeius (suff.) ; Imp. Caesar Divi f. III	-31	-31		
https://godot.date/id/74gesu2isfZxdeZ23FHoJb	Imp. Caesar Divi f. IV ; M. Licinius Crassus	-30	-30		
https://godot.date/id/AYnQmMLNQsz4U5gC78SrEL	Imp. Caesar Divi f. IV ; C. Antistius Vetus (suff.)	-30	-30		
https://godot.date/id/9ZK9cGsfHek3kYsJC6Xt9M	Imp. Caesar Divi f. IV ; M. Tullius Cicero (suff.)	-30	-30		
https://godot.date/id/DyQpw3yNnUqUQBTMUUnWpe	Imp. Caesar Divi f. IV ; L. Saenius (suff.)	-30	-30		
https://godot.date/id/3TRPHos5kSBmF8XrfiEFUS	Imp. Caesar Divi f. V ; Sex. Appuleius	-29	-29		
https://godot.date/id/PRHbooTMVgLg3CqMunnV4A	Imp. Caesar Divi f. V ; Potitus Valerius Messalla (suff.)	-29	-29		
https://godot.date/id/i9LHSmwqKM3xPRwMvW5B57	Imp. Caesar Divi f. VI ; M. Agrippa II	-28	-28		
https://godot.date/id/Pe2Xe7NkLK3VgaKdYm3TRU	Imp. Caesar Divi f. VII ; M. Agrippa III	-27	-27		
https://godot.date/id/XmsnbCuMsvouhAT4iERHAe	Imp. Caesar Divi f. Augustus VIII ; T. Statilius Taurus II	-26	-26		
https://godot.date/id/WUwXkGHCjjaUtgXnkPVcKb	Imp. Caesar Divi f. Augustus IX ; M. Iunius Silanus	-25	-25		
https://godot.date/id/ErjKh2Azd2jEDJRaGeSv5d	Imp. Caesar Divi f. Augustus X ; C. Norbanus Flaccus	-24	-24		
https://godot.date/id/aZRMtGWa8Sbx7gnpFQ296B	Imp. Caesar Divi f. Augustus XI ; A. Terentius Varro Murena	-23	-23		
https://godot.date/id/iD4825xs2nHLY3XE95RdcZ	L. Sestius Albanianus Quirinalis (suff.) ; A. Terentius Varro Murena	-23	-23		
https://godot.date/id/ZPiXibyaYfjbHWCJZNh6U8	M. Claudius Marcellus Aeserninus ; L. Arruntius	-22	-22		
https://godot.date/id/nokHQviWz3G4Bn5o7pTqgF	M. Lollius ; Q. Aemilius Lepidus	-21	-21		
https://godot.date/id/8FAp4f9CAFoVFDo7JvVHVM	M. Appuleius ; P. Silius Nerva	-20	-20		
https://godot.date/id/HxhdobzwnyWFwZZiN8qb79	C. Sentius Saturninus (sine collega)	-19	-19		
https://godot.date/id/v8a2k7KwzsXsnWWcoPwQni	M. Vinicius (suff.); Q. Lucretius Vespillo (suff.)	-19	-19		
https://godot.date/id/n2PorhRrBzdmdnq3UnFm5C	P. Cornelius Lentulus Marcellinus ; Cn. Cornelius Lentulus	-18	-18		
https://godot.date/id/MRXi8LuXdwm84iqy2oN2bE	C. Furnius ; C. Iunius Silanus	-17	-17		
https://godot.date/id/cgNosNRNkpWwZJHD946kdS	L. Domitius Ahenobarbus ; P. Cornelius Scipio	-16	-16		
https://godot.date/id/SVjthi98X3AGSkaAmgFJHR	L. Domitius Ahenobarbus ; L. Tarius Rufus (suff.)	-16	-16		
https://godot.date/id/BDAioXbERxEjobxXPeVGEF	M. Livius Drusus Libo ; L. Calpurnius Piso Pontifex	-15	-15		
https://godot.date/id/ebACaUXJoNywTvSjJGHtnb	M. Licinius Crassus ; Cn. Cornelius Lentulus Augur	-14	-14		
https://godot.date/id/TMxiK7agtauRT5wSnL7me7	Tiberius Claudius Nero ; P. Quinctilius Varus	-13	-13		
https://godot.date/id/VGWSmyaZPhwW4RiinTeXon	M. Valerius Messalla Appianus ; P. Sulpicius Quirinius	-12	-12		
https://godot.date/id/oZEDd87PBV7cp4LuEhRaoi	C. Valgius Rufus (suff.) ; P. Sulpicius Quirinius	-12	-12		
https://godot.date/id/QDspnwqJNbxbpk8Ak8Lig9	C. Caninius Rebilus (suff.); L. Volusius Saturninus (suff.)	-12	-12		
https://godot.date/id/m3iws4YAgYCXZR8qDNPCMU	Q. Aelius Tubero ; Paullus Fabius Maximus	-11	-11		
https://godot.date/id/VDuqk22Zifrm5NVQKrNmTQ	Africanus Fabius Maximus, Iullus Antonius	-10	-10		
https://godot.date/id/buGiiu7oupvioAaJQUKxo6	Nero Claudius Drusus ; T. Quinctius Crispinus Sulpicianus	-9	-9		
https://godot.date/id/JmJgLEo7yTcJ8bh8fUv3wA	C. Marcius Censorinus ; C. Asinius Gallus	-8	-8		
https://godot.date/id/ZHyjTnB87JaeDnJiFasgRd	Tiberius Claudius Nero II ; Cn. Calpurnius Piso	-7	-7		
https://godot.date/id/K3ET6J79oHbxSqqSpCSwzM	D. Laelius Balbus ; C. Antistius Vetus	-6	-6		
https://godot.date/id/YGgu8N2Vm89QFqDZPZeNXn	Imp. Caesar Divi f. Augustus XII ; L. Cornelius Sulla	-5	-5		
https://godot.date/id/ZtF7y5TsVEm378FkAyHB3V	Q. Haterius (suff.) ; L. Vinicius (suff.)	-5	-5		
https://godot.date/id/xWmmMtZdb6pdktxZDFb7Eo	Q. Haterius (suff.) ; C. Sulpicius Galba (suff.)	-5	-5		
https://godot.date/id/4SL3G25Ndare3boTHFWEMG	C. Calvisius Sabinus ; L. Passienus Rufus	-4	-4		
https://godot.date/id/kVD4An6mF5d9AEGkAypt4G	C. Caelius (Rufus?) (suff.) ;  Galus Sulpicius (suff.)	-4	-4		
https://godot.date/id/qgY9YQgPnXc46a4WK3pqMf	L. Cornelius Lentulus ; M. Valerius Messalla Messallinus	-3	-3		
https://godot.date/id/ovTc44Ecrts6gfkhwExa8f	Imp. Caesar Divi f. Augustus XIII ; M. Plautius Silvanus	-2	-2		
https://godot.date/id/Ag93Fdvg4eycjLr7h54yqb	Imp. Caesar Divi f. Augustus XIII ; L. Caninius Gallus (suff.)	-2	-2		
https://godot.date/id/tE6oGHNGJdwxLPNdFiaVNc	C. Fufius Geminus (suff.); L. Caninius Gallus (suff.)	-2	-2		
https://godot.date/id/a6kCxUeyeF6mceBwT5QwDj	Q. Fabricius (suff.) ; L. Caninius Gallus (suff.)	-2	-2		
https://godot.date/id/axVoZSiArRbxHS6ktiBk7g	Cossus Cornelius Lentulus ; L. Calpurnius Piso Augur	-1	-1		
https://godot.date/id/qrxwP3T9hMH2wGrB9p2qRP	A. Plautius (suff.) ; A. Caecina Severus (suff.)	-1	-1		
https://godot.date/id/BuwAvxtVCCRwKs3rZBQAqb	C. Caesar ; L. Aemilius Paullus	1	1		
https://godot.date/id/ngG8sVscFHzUNwBSYPBvF7	P. Vinicius ; P. Alfenus Varus	2	2		
https://godot.date/id/BucgRPUmkbkyqGRFZdLNnF	L. Aelius Lamia ; M. Servilius	3	3		
https://godot.date/id/y3rh2N7mqdosUZf8THVoQb	Sex. Aelius Catus ; C. Sentius Saturninus	4	4		
https://godot.date/id/SigbBJW2ytCTMEbYgeWrAE	L. Valerius Messalla Volesus ; Cn. Cornelius Cinna Magnus	5	5		
https://godot.date/id/CGiCLJ7Jq2x6772FvusVCh	M. Aemilius Lepidus ; L. Arruntius	6	6		
https://godot.date/id/3TCiTuq87KdsTJMEakNKca	Q. Caecilius Metellus Creticus Silanus ; A. Licinius Nerva Silianus	7	7	https://www.wikidata.org/wiki/Q1241839	
https://godot.date/id/GzujJTYKxa8CN5RPgu9AQL	M. Furius Camillus ; Sex. Nonius Quinctilianus	8	8		
https://godot.date/id/dRWQcGofXAvE38bZFchzhS	C. Poppaeus Sabinus ; Q. Sulpicius Camerinus	9	9	https://www.wikidata.org/wiki/Q351782	https://www.wikidata.org/wiki/Q1241566
https://godot.date/id/SbEhWDwEDxSs6ipkbc6jad	P. Cornelius Dolabella ; C. Iunius Silanus	10	10		
https://godot.date/id/2L4AUKACSjCyJ2gzJRrZA	M'. Aemilius Lepidus ; T. Statilius Taurus	11	11		
https://godot.date/id/68cHWkMBMQhmpw72mHM44M	Germanicus Caesar ; C. Fonteius Capito	12	12		
https://godot.date/id/vx9tBCCo8JfFiLSm9jDgmb	C. Silius A. Caecina Largus ; L. Munatius Plancus	13	13		
https://godot.date/id/BkVUbv7CqJsdwfQAoaGHhK	Sex. Pompeius ; Sex. Appuleius	14	14		
https://godot.date/id/hvfSuV6QYVdhmmW8v3jXZ7	Drusus Caesar ; C. Norbanus Flaccus	15	15		
https://godot.date/id/NuXD7JK4JJecJFa7UCmd8X	Sisenna Statilius Taurus ; L. Scribonius Libo	16	16		
https://godot.date/id/QeATMdJFopKNx3AJPWPTQM	L. Pomponius Flaccus ; C. Caelius Rufus	17	17		
https://godot.date/id/iEbqiVwauT4uzYYFeGLRhE	Ti. Caesar Augustus II ; Germanicus Caesar II	18	18		
https://godot.date/id/HhHDJPUwkmJMoqZqfPSAzX	M. Iunius Silanus Torquatus ; L. Norbanus Balbus	19	19		
https://godot.date/id/EcCDhRSdyui8NLrtswYhNb	M. Valerius Messalla Messallinus ; M. Aurelius Cotta Maximus Messallinus	20	20		
https://godot.date/id/ii9Z962msHggVBjuzcaz6k	Tiberius Caesar IV ; Drusus Caesar II	21	21		
https://godot.date/id/57a3uZePqv5sqLVin5mnEj	D. Haterius Agrippa ; C. Sulpicius Galba	22	22		
https://godot.date/id/CsysQJwaXuBvH5ub7oCuP9	C. Asinius Pollio ; C. Antistius Vetus	23	23		
https://godot.date/id/LFCK4rYXhjq9yoU2QGyNL3	Ser. Cornelius Cethegus ; L. Visellius Varro	24	24		
https://godot.date/id/LkVwVr2FTGj6gq5NkW94a	Cossus Cornelius Lentulus ; M. Asinius Agrippa	25	25		
https://godot.date/id/E7Pn5gJGRp2n98mfgBCi3a	Cn. Cornelius Lentulus Gaetulicus ; C. Calvisius Sabinus	26	26		
https://godot.date/id/oUz2wgumpd8EExvCiFTkj4	L. Calpurnius Piso ; M. Licinius Crassus Frugi	27	27		
https://godot.date/id/T9Tg3TJVXWiAHtPBRYAvvh	C. Appius Iunius Silanus ; P. Silius Nerva	28	28		
https://godot.date/id/quQBcbyCXZ8ySBoWaQMFBd	C. Fufius Geminus ; L. Rubellius Geminus	29	29		
https://godot.date/id/YwNGsv6DXkDDHv9mKoxHqk	M. Vinicius ; L. Cassius Longinus	30	30		
https://godot.date/id/vemarnAHUGUTeXBiFjbuej	Tiberius Caesar V ; L. Aelius Seianus	31	31		
https://godot.date/id/CSdFFSN4acjL5hmfDpcer7	Cn. Domitius Ahenobarbus ; L. Arruntius Camillus Scribonianus	32	32		
https://godot.date/id/RKpSjo6QxGFT625JavzqYk	L. Livius Ocella Sulpicius Galba ; L. Cornelius Sulla Felix	33	33		
https://godot.date/id/43dBk2DxYVamtbYAo3kZKn	Paullus Fabius Persicus ; L. Vitellius	34	34		
https://godot.date/id/ZKhwpJRs6XdKQ58JcYn59b	C. Cestius Gallus ; M. Servilius Nonianus	35	35		
https://godot.date/id/b9BpjbcEyf7XZYTsZyeur4	Sex. Papinius Allenius ; Q. Plautius	36	36		
https://godot.date/id/xAWEH7KbgCPcMNrv9Q77xk	Cn. Acerronius Proculus ; C. Petronius Pontius Nigrinus	37	37		
https://godot.date/id/tedEUPzMRrt7tb284GTxR9	M. Aquila Iulianus ; P. Nonius Asprenas	38	38		
https://godot.date/id/5LnAFAvn42WqBZpwZQSZnm	C. Caesar Augustus Germanicus II ; L. Apronius Caesianus	39	39		
https://godot.date/id/dRvPeL3SfBa37KJ4ctbVJU	C. Caesar (Augustus Germanicus) III	40	40		
https://godot.date/id/YmkuxkU7yxpMhZCMrQjNFC	C. Caesar (Augustus Germanicus) IV ; Cn. Sentius Saturninus	41	41		
https://godot.date/id/rber7R2qNWjdBy6ksFjE7U	Ti. Claudius Caesar Augustus Germanicus II ; C. Caecina Largus	42	42		
https://godot.date/id/ufSFkjd4c5HhTnGsDmRm4P	Ti. Claudius (Caesar Augustus Germanicus) III ; L. Vitellius	43	43		
https://godot.date/id/oH6qs38x6tXisVfwWs4FQ6	T. Statilius Taurus ; C. Sallustius Passienus Crispus II	44	44		
https://godot.date/id/6fw9yLtvcw99gdZAUSDapm	M. Vinicius II ; T. Statilius Taurus Corvinus	45	45		
https://godot.date/id/R4P3AbCvkF8uJeHC6pJU87	D. Valerius Asiaticus II ; M. Iunius Silanus	46	46		
https://godot.date/id/vzRTMtFZQTJ8GJ2XzzorUW	Ti. Claudius (Caesar Augustus Germanicus) IV ; L. Vitellius III	47	47		
https://godot.date/id/riQFnsU68nMcycXzES5A5E	A. Vitellius ; L. Vipstanus Poplicola	48	48		
https://godot.date/id/kHxraQN3Nf4UsHRfQeU5zX	Q. Veranius ; C. Pompeius Longinus Gallus	49	49		
https://godot.date/id/udtf6cJbYnYL9D5LSbTHTU	C. Antistius Vetus II ; M. Suillius Nerullinus	50	50		
https://godot.date/id/2CeU6hnd8Jqu6wdKqLkyFe	Ti. Claudius (Caesar Augustus Germanicus) V ; Ser. Cornelius Scipio Salvidienus Orfitus	51	51		
https://godot.date/id/HDnqNPLu89h4iHz4NmoPZN	Faustus Cornelius Sulla Felix ; L. Salvius Otho Titianus	52	52		
https://godot.date/id/sQk8zYbsqgEPiSz46GtoNa	D. Iunius Silanus Torquatus ; Q. Haterius Antoninus	53	53		
https://godot.date/id/LFQBCJ4FgNZkxb9mE6qB2b	M'. Acilius Aviola ; M. Asinius Marcellus	54	54		
https://godot.date/id/USshLJWYyrgUraHgXgoRu	Nero Claudius Caesar Augustus Germanicus ; L. Antistius Vetus	55	55		
https://godot.date/id/XS7zumdDGPFQYN2KqXyWMA	Q. Volusius Saturninus ; P. Cornelius Scipio	56	56		
https://godot.date/id/UNWH5SisVMjCwsn9YLcsK6	Nero Claudius Caesar Augustus Germanicus II ; L. Calpurnius Piso	57	57		
https://godot.date/id/9AjJiAA2ExM3GUdrgjdc84	Nero Claudius Caesar Augustus Germanicus III ; M. Valerius Messalla Corvinus	58	58		
https://godot.date/id/Rax4YdB3YXPYfWFE9tumHK	C. Vipstanus Apronianus ; C. Fonteius Capito	59	59		
https://godot.date/id/roMnT52vd6aayrsbFvYpTg	Nero Claudius Caesar Augustus Germanicus IV ; Cossus Cornelius Lentulus	60	60		
https://godot.date/id/g9oKC3ZWdcqqJztU3z2GmQ	P. Petronius Turpilianus ; L. Caesennius Paetus	61	61		
https://godot.date/id/2egDYYXAyYBEJkZYQKvcB	P. Marius Celsus ; L. Afinius (Asinius) Gallus	62	62		
https://godot.date/id/Wq4DQmreZ55NjjUJoGhxsC	C. Memmius Regulus ; L. Verginius Rufus	63	63		
https://godot.date/id/B8r2xLaxAFwmCchR7YChud	C. Laecanius Bassus ; M. Licinius Crassus Frugi	64	64		
https://godot.date/id/DQHRPZtuYDGF2wF6sCAi9B	A. Licinius Nerva Silianus Firmus Pasidienus ; M. Iulius Vestinus Atticus	65	65		
https://godot.date/id/AuWfvNWdUGj2HUF3mwXTCN	C. Luccius Telesinus ; C. Suetonius Paullinus (Paulinus)	66	66		
https://godot.date/id/6QJWAEJu2wHM6cLsGpgSQk	L. Iulius Rufus ; Fonteius Capito	67	67		
https://godot.date/id/cqAQpYMDE7rbWvrLgsVfiE	Ti. Catius Asconius Silius Italicus ; P. Galerius Trachalus	68	68		
https://godot.date/id/ePhDUudKZMh6jnEtV9e3RZ	Ser. Sulpicius Galba Imperator Caesar Augustus II ; T. Vinius (Rufinus?)	69	69		
https://godot.date/id/9ntR4szUxBHm4JxjTYJeMS	Imp. Caesar Vespasianus Augustus II ; Titus Caesar Vespasianus	70	70		
https://godot.date/id/YnpPCfJjgCPphmBkJSUa58	Imp. Caesar Vespasianus Augustus III ; M. Cocceius Nerva	71	71		
https://godot.date/id/BA39yfiYE8sQ9JM5BdUuSR	Imp. Caesar Vespasianus Augustus IV ; Titus Caesar (Vespasianus) II	72	72		
https://godot.date/id/zc5VqFZGyp9Xs5EfAgNd5P	Caesar Domitianus II ; L. Valerius Catullus Messallinus (Messalinus)	73	73		
https://godot.date/id/YAmwU6XkMSGt7XoLJrdPYa	Imp. Caesar Vespasianus Augustus V ; Titus Caesar (Vespasianus) III	74	74		
https://godot.date/id/WxVWX6vZ4XsR45TtKcKkCS	Imp. Caesar Vespasianus Augustus VI ; Titus Caesar (Vespasianus) IV	75	75		
https://godot.date/id/CjUeme3FW4E7RgDYLj2MiW	Imp. Caesar Vespasianus Augustus VII ; Titus Caesar (Vespasianus) V	76	76		
https://godot.date/id/iYiPUDJLx2FPxVWVQKrXnS	Imp. Caesar Vespasianus Augustus VIII ; Titus Caesar (Vespasianus) VI	77	77		
https://godot.date/id/JtR4dz9TF3PsSTbNGNmS8B	D. Iunius Novius Priscus ; L. Ceionius Commodus	78	78		
https://godot.date/id/oNCLN3ZLusi8tVFdd59jrm	Imp. Caesar Vespasianus Augustus IX ; Titus Caesar (Vespasianus) VII	79	79		
https://godot.date/id/DxkA3nZmyCRS2zXyTo3nXc	Imp. Titus Caesar Vespasianus Augustus VIII ; Caesar Domitianus VII	80	80		
https://godot.date/id/NyZWpTRfTfJMZWJ2G2HjWM	L. Flavius Silva Nonius Bassus and.Asinius Pollio Verrucosus	81	81		
https://godot.date/id/YJUfF4UhzP4gcfGQnUCoNF	Imp. Caesar Domitianus Augustus VIII ; T. Flavius Sabinus	82	82		
https://godot.date/id/DCjJ8CFUoAfp3Es26CLd4H	Imp. Caesar Domitianus Augustus IX ; Q. Petillius Rufus II	83	83		
https://godot.date/id/9K4KamBqP6Dyo6W25DJx7b	Imp. Caesar Domitianus Augustus X ; C. Oppius Sabinus	84	84		
https://godot.date/id/BQAJesBdYDHQpEvwXMgj4U	Imp. Caesar Domitianus Augustus XI ; T. Aurelius Fulvus II??	85	85		
https://godot.date/id/qoFQf8cbwQsGrCGs9tFoYW	Imp. Caesar Domitianus Augustus XII ; Ser. Cornelius Dolabella Petronianus	86	86		
https://godot.date/id/ewe9utaf2MCPk5GGNRSSjf	Imp. Caesar Domitianus Augustus XIII ; L. Volusius Saturninus	87	87		
https://godot.date/id/arugtjj3XXMK4Af5cLngtk	Imp. Caesar Domitianus Augustus XIV ; L. Minucius Rufus	88	88		
https://godot.date/id/sDk4E7DhPigYExKM6j2gJo	T. Aurelius Fulvus ; M. Asinius Atratinus	89	89		
https://godot.date/id/XMuog9Y7eNtUoqoz548ENb	Imp. Caesar Domitianus Augustus XV ; M. Cocceius Nerva II	90	90		
https://godot.date/id/5fp9aZupZUKpXS7Ma9fc2j	M' Acilius Glabrio ; M. Ulpius Traianus	91	91		
https://godot.date/id/dbm9WjNBCM7QcSHS8D6GQL	Imp. Caesar Domitianus Augustus XVI ; Q. Volusius Saturninus	92	92		
https://godot.date/id/6Wr4vjiQ77jFtjUoMZytGH	Sex. Pompeius Collega ; Q. Peducaeus Priscinus	93	93		
https://godot.date/id/2RskM47v6aSc3yU9KnzZR8	L. Nonius Calpurnius Asprenas Torquatus, T. Sextius Magius Lateranus	94	94		
https://godot.date/id/wTKYvHCvHfo7xm2UipHQmX	Imp. Caesar Domitianus Augustus XVII ; T. Flavius Clemens	95	95		
https://godot.date/id/wHeCqgXxHrCNMn8yhnExDi	C. Manlius Valens ; C. Antistius Vetus	96	96		
https://godot.date/id/4fP9zr7bNucJzroQGoLE6c	Imp. Nerva Caesar Augustus III ; L. Verginius Rufus III	97	97		
https://godot.date/id/NWqXYuvQq3Z9L24FmL7qj3	Imp. Nerva Caesar Augustus IV ; Imp. Ceasar Nerva Traianus Augustus II	98	98		
https://godot.date/id/Yz9W4d2Q6p6tNRwjVtdNw4	A. Cornelius Palma Frontonianus ; Q. Sosius Senecio	99	99		
https://godot.date/id/u8r4SqUztZcmtPdA2N6XYc	Imp. Caesar Nerva Traianius Augustus III ; Sex. Iulius Frontinus III	100	100		
https://godot.date/id/79JaAfHFneUxrCdXbb9ciK	Imp. Caesar Nerva Traianius Augustus IV ; Q. Articuleius Paetus	101	101		
https://godot.date/id/YoKTnW8hnGZXNDh6gFJeZJ	L. Iulius Ursus Servianus II ; L. Licinius Sura II	102	102		
https://godot.date/id/VUGh4BJ4rZiRFFsjPuQKiY	Imp. Caesar Nerva Traianus Augustus V ; M'. Laberius Maximus II	103	103		
https://godot.date/id/KuiHbWj9aVrWDnxK9XfoTa	Sex. Attius Suburanus Aemilianus II ; M. Asinius Marcellus	104	104		
https://godot.date/id/635aQKs29bgVyMiyoC87t8	Ti. Iulius Candidus Marius Celsus II ; C. Antius A. Iulius Quadratus II	105	105		
https://godot.date/id/2kmiYDgnQxPwejXiYm4tkE	L. Ceionius Commodus ; Sex. Vettulenus Civica Cerialis	106	106		
https://godot.date/id/WCxtkfDGdh3fWXewdAT45T	L. Licinius Sura II ; Q. Sosius (Sossius) Senecio II	107	107		
https://godot.date/id/W6kkcHShqycskN8s3Dhg3e	Ap. Annius Trebonius Gallus ; M. Atilius Metilius Bradua	108	108		
https://godot.date/id/3Q268hn8EKxgvJJCxaXF2g	A. Cornelius Palma Frontonianus II ; P. Calvisius Tulus Ruso	109	109		
https://godot.date/id/QxnXgpfGzBeGEoFwFk6sMg	M. Peducaeus Priscinus ; Ser. Cornelius Scipio Salvidienus Orfitus	110	110		
https://godot.date/id/SBeNuxAXzZmFGXLagw9ojC	C. Calpurnius Piso ; M. Vettius Bolanus	111	111		
https://godot.date/id/HQScBp9GBBHqBjvazWBGyP	Imp. Caesar Nerva Traianus Augustus VI ; T. Sextius Africanus	112	112		
https://godot.date/id/mS4zVwhkFTBMAWUZ38emgA	L. Pubilius Celsus II ; C. Clodius Crispinus	113	113		
https://godot.date/id/ickRe6F9hHjeZE8m3hhF7	Q. Ninnius Hasta ; P. Manilius Vopiscus Vicinillianus L. Elufrius Severus Iulius Quadratus Bassus	114	114		
https://godot.date/id/XrzaJymbDMtJjVwE7R5EM8	L. Vipstanus (Vipstanius) Messalla (Messala) ; M. Pedo Vergilianus	115	115		
https://godot.date/id/PRJYoUZWgeU5JdUPbHKFxb	L. Fundanius Lamia Aelianus ; Sex. Carminius Vetus	116	116		
https://godot.date/id/fYKtQbkcLn7gvqPeeyW6mU	Q. Aquilius Niger ; M. Rebilus Apronianus	117	117		
https://godot.date/id/rdo7tZSrajA9sJxPGoAeYN	Imp. Caesar Traianus Hadrianus Augustus II ; Cn. Pedanius Fuscus Salinator	118	118		
https://godot.date/id/Ad8hFsGwhDhbxRjzmWBaHG	Imp. Caesar Traianus Hadrianus Augustus II ; P. Dasumius Rusticus	119	119		
https://godot.date/id/5VCk2YM2pgNjrLnUaE265j	L. Catilius Severus Iulianus Claudius Reginus II ; T. Aurelius Fulvus Boionius Arrius Antoninus	120	120		
https://godot.date/id/VvFFhS7HYXk5cCngHXDWQg	M. Annius Verus II ; Cn. Arrius Augur	121	121	https://www.wikidata.org/wiki/Q745241	https://www.wikidata.org/wiki/Q12277036
https://godot.date/id/zbMif6crK7ZGikZfEF24K3	M.' Acilius Aviola ; L. Corellius Neratius Pansa	122	122		
https://godot.date/id/6hGfhQw5xBjRd4MADnLRpj	Q. Articuleius Paetinus ; L. Venuleius Apronianus Octavius Priscus	123	123		
https://godot.date/id/JWJh3TF7VPf57SgPf7QMen	M' Acilius Glabrio ; C. Bellicius Flaccus Torquatus Tebanianus	124	124		
https://godot.date/id/VXJer2rkbayhquC63FJo4Z	M. Lollius Paullinus D. Valerius Asiaticus Saturninus II ; L. Epidius Titius Aquilinus	125	125		
https://godot.date/id/UnLc5en6EDt9fWweqXNkVa	M. Annius Verus III ; C. Eggius Ambibulus (Ambibolus)	126	126		
https://godot.date/id/wK7MncJkWr8dq3b3vdLvVP	T. Atilius Rufus Titianus ; M. Gavius (Claudius) Squilla Gallicanus	127	127		
https://godot.date/id/EFTFHukDBKPUcTGX2Mh3si	L. Nonius Calpurnius Asprenas Torquatus II ; M. Annius Libo	128	128		
https://godot.date/id/64mjLugWjb3kxoMMvhz6sk	P. Iuventius Celsus T. Aufidius Hoenius Severianus II ; L. Neratius Marcellus II	129	129		
https://godot.date/id/rK5xt2SwujbbAZMC4uBySj	Q. Fabius Catullinus ; M. Flavius Aper	130	130		
https://godot.date/id/LU8SKEjgrx2xKLzYfMfrDZ	M. Ser. Octavius Laenas Pontianus ; M. Antonius Rufinus	131	131		
https://godot.date/id/hkiYHZnwscRZ8ijtJL5A8j	C. Iunius Serius Augurinus ; C. Trebius Sergianus	132	132		
https://godot.date/id/hCKJfbbxFFU6NuNxsAowZ9	M. Antonius Hiberus ; P. Mummius Sisenna	133	133		https://www.wikidata.org/wiki/Q1228707
https://godot.date/id/VbYj9pD7fkwHWcPLsdJnQi	L. Iulius Ursus Servianus II ; T. Vibius Varus	134	134		
https://godot.date/id/LsKJNMwJAp9AT5g3xVkJWT	L. Tutilius Lupercus Pontianus ; P. Calpurnius Atilianus (Atticus Rufus?)	135	135		
https://godot.date/id/xqFAP2T6Mw9vVhXNhbNbsP	L. Ceionius Commodus ; Sex. Vettulenus (Vetulenus) Civica Pompeianus	136	136		
https://godot.date/id/q8BCfky4eKFHy8QNjbHBg5	L. Aelius Caesar II ; P. Coelius Balbinus Vibullius Pius	137	137		
https://godot.date/id/pTqp6q3fA9s4JAmXP4AN5J	Kanus Iunius Niger ; C. Pomponius Camerinus	138	138		
https://godot.date/id/Tp6zTnVFXhQpZXWFfXQw4n	Imp. Caesar T. Aelius Hadrianus Antoninus Augustus Pius II ; C. Bruttius (Brittius) Praesens L. Fulvius Rusticus II	139	139		
https://godot.date/id/5bNQtLpx6fww9W6jr6hPpE	Imp. Caesar T. Aelius Hadrianus Antoninus Augustus Pius III ; M. Aelius Aurelius Verus Caesar	140	140		
https://godot.date/id/xDMasbeZhhssT27KAdjfuH	T. Hoenius Severus ; M. Peducaeus Stloga Priscinus	141	141		
https://godot.date/id/cu3fgpFPqKAyye6gqYwGNA	L. Cuspius Pactumeius Rufinus ; L. Statius Quadratus	142	142		
https://godot.date/id/B3hKQLHCg4djGTeM9cfJm3	C. Bellicius Flaccus Torquatus ; L. Vibullius Hipparchus Ti. Claudius Atticus Herodes	143	143		
https://godot.date/id/bRLh9D63tsQNkqh7fWZfqn	L. Hedius Rufus Lollianus Avitus ; T. Statilius Maximus	144	144		
https://godot.date/id/CjxUWB4kuzpw6k59giWpKj	Imp. Caesar T. Aelius Hadrianus Antoninus Augustus Pius IV ; M. Aurelius Caesar II	145	145		
https://godot.date/id/NNHVZzopGnnsYjDWAVZbvH	Sex. Erucius Clarus II ; Cn. Cladius Severus Arabianus	146	146	https://www.wikidata.org/wiki/Q333092	https://www.wikidata.org/wiki/Q717647
https://godot.date/id/e9QXBsFrFvbH73zezHia6Z	C. Prastina Pacatus Messallinus (Messalinus) ; L. Annius Largus	147	147		
https://godot.date/id/5XsQxv7z6CgKHMczUjrVsn	L. Octavius Cornelius P. Salvius Iulianus Aemilianus ; C. Bellichius Calpurnius Torquatus	148	148		
https://godot.date/id/A7cw8DCYtmrnyL7nen7xGk	Ser. Cornelius Scipio L. Salvidienus Orfitus (Orphitus) ; Q. ( Pompeius) Sosius Priscus	149	149		
https://godot.date/id/SFRyrHzAAZnTwD4SotjhQ8	M. Gaius Squilla Gallicanus ; Sex. Carminius Vetus	150	150		
https://godot.date/id/gtRzKnXcMBVb7SXyaXaDXk	Sex. Quintilius Condianus ; Sex. Quintilius Valerius Maximus	151	151		
https://godot.date/id/VCqXrTvQ8zq8XneK3h222T	M'. (M.) Acilius Glabrio Cn. Cornelius Severus ; M. Valerius Homullus	152	152		
https://godot.date/id/kuwUNcV9RMibpMnfXSR9DH	L. Fulvius C. Bruttius Praesens polyonymus ; A. Iunius Rufinus	153	153		
https://godot.date/id/Zieam9cStFGxK7JZ9rGRX8	L. Aelius Aurelius Commodus ; T. Sextius Lateranus	154	154		
https://godot.date/id/NwVy4BfDWL7hPKJ7HP5LcK	C. Iulius Severus ; M. Iunius Rufinus Sabinaianus	155	155		
https://godot.date/id/y25BjdCy4m7bEXp2D8TUQn	M. Ceionius Silvanus ; C. Serius Augurinus	156	156		
https://godot.date/id/fMcQfnYjinRxv5qkQYkCRf	M. Vettulenus Civica Barbarus ; M. Metilius Aquillius Regulus Nepos Volusius Torquatus Fronto	157	157		
https://godot.date/id/fhmBkxRbWwbQ555sM4oSSb	Sex. Sulpicius Tertullus ; Q. Tineius Sacerdos Clemens	158	158		
https://godot.date/id/fEt6KdubLMu3KtQkxoZuyR	Plautius Quintillus (Quintilius) ; M. Statius Priscus Licinius Italicus	159	159	https://www.wikidata.org/wiki/Q717414	https://www.wikidata.org/wiki/Q200929
https://godot.date/id/pUjsTNZVYa8wuHYeFPfEe8	Appius Annius Atilius Bradua ; T. Clodius Vibius Varus	160	160		
https://godot.date/id/pzJ2aBGcvyVj6Qd8Z9af67	Imp. Caesar M. Aurelius Antoninus Augustus II ; L. Aelius Aurelius Commodus II	161	161		
https://godot.date/id/TqynRmoatMm5ncXBVrdksb	Q. Iunius Rusticus II ; L. Titius Plautius Aquilinus	162	162		
https://godot.date/id/z8cN3kXGnH6TrJWBk2HNkj	M. Pontius Laelianus ; A. Iunius Pastor L. Caesennius Sospes	163	163		
https://godot.date/id/7S5GAhZEvdbUNSd7Emf3oY	M. Pompeius Marcinus ; P. Iuventius Celsus	164	164		
https://godot.date/id/TywnFNwRe9yxwupwJeoN2K	M. Gavius Orfitus ; L. Arrius Pudens	165	165		
https://godot.date/id/iZyPcuyAenb4932SMGZrJV	Q. Servilius Pudens ; L. Fufidius Pollio	166	166		
https://godot.date/id/baJAc9Xf5ATEYg5ooR2d5M	Imp. Caesar L. Aurelius Verus Augustus III ; M. Ummidius Quadratus	167	167		
https://godot.date/id/aUUemVbXzGtgGxZbLqZ7R5	L. Venuleius Apronianus Octavius Priscus II ; L. Sergius Paullus II	168	168		
https://godot.date/id/aDDunoiWoK7YqPZQrpNzXU	Q. Pompeius Senecio Sosius Priscus polyonymus ; P. Coelius Apollinaris	169	169		
https://godot.date/id/jAYEXpS8TiAStq3dTpNkcP	C. Erucius Clarus ; M. Gavius Cornelius Cethegus	170	170		
https://godot.date/id/r4qfMQFEsXMfPvHdWMHS4k	T. Statilius Severus, L. Alfidius Herennianus	171	171		
https://godot.date/id/AJvoB6BkkmwjtJaHRa7bCR	Ser. Calpurnius Scipio Orfitus ; Sex. Quintilius Maximus	172	172		
https://godot.date/id/vQZDMRMv3rvcwVGjrESw6P	Cn. Claudius Severus II ; Ti. Claudius Pompeianus II	173	173		
https://godot.date/id/vCVpMsw27sVv5W25TZvBGM	L. Aurelius Gallus ; Q. Volusius Flaccus Cornelianus	174	174	https://www.wikidata.org/wiki/Q1239524	https://www.wikidata.org/wiki/Q12282803
https://godot.date/id/WmWksAcHqiHZ6EaNFyeuLB	L. Calpurnius Piso ; P. Salvius Iulianus	175	175		
https://godot.date/id/VpNTnpfdHJVdzJg88cRKPV	T. Pomponius Proculus Vitrasius Pollio II ; M. Flavius Aper II	176	176		
https://godot.date/id/yJSN3VqgYtXZdz7YJWcU8a	Imp. Caesar L. Aelius Aurelius Commodus Augustus ; M. Peducaeus Plautius Quintillus	177	177		
https://godot.date/id/K2HkzbXmsfT6xNBh5vF7fR	Ser. Cornelius Scipio Salvidienus Orfitus ; D. Velius Rufus (Iulianus?)	178	178		
https://godot.date/id/KXTvAUsrtCLyCiWC5CvwPo	Imp. Caesar L. Aurelius Commodus Augustus II ; P. Martius Verus II	179	179		
https://godot.date/id/W8pSqRp3os74dx5RTydheN	L. Fulvius C. Bruttius Praesens Min... Valerius Maximus Pompeius L... Valens Cornelius Proculus Aquilius Veiento II ; Sex. Quintilius Condianus	180	180		
https://godot.date/id/dwddAy9kGJSSXRTzkC7WKR	Imp. Caesar M. Aurelius Commodus Antoninus Augustus III ; L. Antistius Burrus	181	181		
https://godot.date/id/tiDDjKXU4g9e3gKKMvQJnZ	M. Petronius Sura Mamertinus ; Q. Tineius Rufus	182	182	https://www.wikidata.org/wiki/Q1239872	https://www.wikidata.org/wiki/Q743192
https://godot.date/id/7yfK3vaMkzDNMihDLs2VEN	Imp. Caesar M. Aurelius Commodus Antoninus Augustus IV ; C. Aufidius Victorinus II	183	183	https://www.wikidata.org/wiki/Q1434	https://www.wikidata.org/wiki/Q329569
https://godot.date/id/RqqxuCbmDQuALjfYveSKsB	L. Cossonius Eggius Marullus ; Cn. Papirius Aelianus	184	184		
https://godot.date/id/yp9JoeVsQxNBQ4KS9fyxv6	Triarius Maternus Lascivius ; Ti. Claudius M. Appius Atilius Bradua Regillus Atticus	185	185		
https://godot.date/id/7kaX6AENxaRXiwQWVSvVMe	Imp. Caesar M. Aurelius Commodus Antoninus Augustus V ; M.' Acilius Glabrio II	186	186		
https://godot.date/id/TqjW6EMoyyzgvdKRXZVFsM	L. Bruttius Quintius Crispinus ; L. Roscius Aelianus Paculus	187	187		
https://godot.date/id/57YFrdcARvsJ5NbiR6cCfQ	P.? Seius Fuscianus II ; M. Servilius Silanus II	188	188		
https://godot.date/id/fYzQiThDXK8UspNC7PL2g7	Dulius Silanus ; Q. Servilius Silanus	189	189		
https://godot.date/id/aDf8j8LMaSZVn5d3BxceDS	Imp. Caesar M. Aurelius Commodus Antoninus Augustus VI ; M. Petronius Sura Septimianus	190	190		
https://godot.date/id/4DBeLd6ic9Zdao7prTFrRe	Popilius Pedo Apronianus ; N. Valerius Bradua Maurcius	191	191		
https://godot.date/id/rNo7twqoGBpcnxHQjo4WV7	Imp. Caesar M. Aurelius Commodus Antoninus Augustus VII ; P. Helvius Pertinax II	192	192		
https://godot.date/id/niK8dEBzgqPu3p7o7JNWU4	Q. Pompeius Sosius Falco ; C. Iulius Erucius Clarus Vibianus	193	193		
https://godot.date/id/Zhi6ob6WmrhRowsV6UesWX	Imp. Caesar L. Septimius Severus Pertinax Augustus II ; D. Clodius Septimius Albinus Caesar II	194	194		
https://godot.date/id/dKbjVz3Ec7qg6eLtXoBc7W	P. Iulius Scapula Tertullus Priscus ; Q. Tineius Clemens	195	195		
https://godot.date/id/3PaiQNUdkXJ9ioeyh4tQbb	C. Domitius Dexter II ; L. Valerius Messalla Thrasea Priscus	196	196		
https://godot.date/id/kCqtNieTxhmkx6exyiGyzM	T. Sextius Magius Lateranus ; Cuspius Rufinus	197	197		
https://godot.date/id/fPXBGKCTnGHvz53MPrXrbk	P. Martius Sergius Saturninus ; L. Aurelius Gallus	198	198		
https://godot.date/id/pfjNGVMMY8HjaAcLmRQuFJ	P. Cornelius Anullinus II ; M. Aufidius Fronto	199	199		
https://godot.date/id/nNrVQSSLDd95ZA2Uk6PwAe	Ti. Claudius Severus Proculus ; C. Aufidius Victorinus	200	200		
https://godot.date/id/4f3E8gmWW5veRph6SJxZf3	L. Annius Fabianus ; M. Nonius Arrius Mucianus	201	201		
https://godot.date/id/YZ5RiL8KNESnJiN4etBPRQ	Imp. Caesar L. Septimius Severus Pertinax Augustus III ; Imp. Ceasar M. Auerlius Severus Antoninus Augustus	202	202	https://www.wikidata.org/wiki/Q1442	https://www.wikidata.org/wiki/Q1446
https://godot.date/id/prXmyiA2rkFDVj2bGY8BJC	C. Fulvius Plautianus II ; P. Septimius Geta II	203	203		
https://godot.date/id/DoBi4RRCnF3DZh7ven2ztC	L. Fabius Cilo Septiminus Catinius Acilianus Lepidus Fulcinianus II ; M. Annius Flavius Libo	204	204		
https://godot.date/id/CthucATo27KCvjgnN9LJPF	Imp. Caesar M. Aurelius Antoninus Augustus II ; P. Septimius Geta Caesar	205	205		
https://godot.date/id/XkM8wmyLWpq6T7TgvFqkAN	M. Nummius Umbrius Primus Senecio Albinus ; Fulvius Gavius Numisius Petronius Aemilianus	206	206		
https://godot.date/id/5wfmyEyM8tfuE4qXWEMiwU	L. Annius Maximus ; L. Septimius Severus Aper	207	207		
https://godot.date/id/8vi9WC2zFwQACuXSzJPjCG	Imp. Caesar M. Aurelius Antoninus Augustus III ; P. Septimius Geta Caesar II	208	208		
https://godot.date/id/NKqxkzSdwcsjZm6AAkeMVc	L. Aurellius Commodus Pompeianus ; Q. Hedius Lollianus Plautius Avitus	209	209		
https://godot.date/id/MRuAV8c5rzHFd6pSYP97ZZ	M'. Acilius Faustinus ; A. Triarius Rufinus	210	210		
https://godot.date/id/AadYv3orjKkz7wRJYDiVx4	Terentius Gentianus ; Ti. Pomponius Bassus	211	211		
https://godot.date/id/k4jU8vEppTBqj5zYWXfVuN	C. Iulius AsperII ; C. Iulius Camilius Galerius Asper	212	212		
https://godot.date/id/UJVWwrgQmipzitazhaWDJa	Imp. Caesar M. Aurelius Severus Antoninus Augustus IV ; D. Caelius Calinus Balbinus II	213	213		
https://godot.date/id/EvrUhPtbnoSiYKWQcCczLA	L. Valerius Messalla (Messala) (Appolinaris?) ; C. Octavius Appius Suetrius Sabinus	214	214		
https://godot.date/id/ASAXcbk79mKh5THW9s2FMS	Q. Maecius Laetus II ; M. Munatius Sulla Cerialis (Cerealis)	215	215		
https://godot.date/id/Qw6dvbJiPiiqnoytNMC7UV	P. Catius Sabinus II ; P. Cornelius Anullinus	216	216		
https://godot.date/id/TWMbxx98qn83Y2apeTVaaT	C. Bruttius Praesens ; T. Messius Extricatus II	217	217		
https://godot.date/id/d3MZGx9PN67Cqj998tqa26	Imp. Caesar M. Opellius Severus Macrinus Augustus II ; M. Oclatinius Adventus II	218	218		
https://godot.date/id/pkikcYzSRZsGRWUGJZRqMf	Imp. Caesar M. Aurelius Antoninus Augustus II ; Q. Tineius Sacerdos II	219	219		
https://godot.date/id/TYLBYjXQLgXTfpnLfUtZ8c	Imp. Caesar M. Aurelius Antoninus Augustus III ; P. Valerius Comazon Eutychianus "II"	220	220		
https://godot.date/id/JmHQP7gxBE8F7fnDMySMWj	C. Vettius Gratus Sabinianus ; M. Flavius Vituellius Seleucus	221	221	https://www.wikidata.org/wiki/Q745547	https://www.wikidata.org/wiki/Q252841
https://godot.date/id/jMKBtxU2wRN7aNgzj55JMf	Imp. Caesar M. Aurelius Antoninus Augustus IV ; M. Aurelius Severus Alexander Caesar	222	222		
https://godot.date/id/EhvF5Ba7uFkTVQjJw9mGc4	L. Marius Maximus Perpetuus Aurelianus II ; L. Roscius Aelianus Paculus Salvius Iulianus	223	223		
https://godot.date/id/wY96vUgM9fSLwEHy4jt7Nj	Ap. Claudius Iulianus II ; C. / D. Bruttius Crispinus	224	224	https://www.wikidata.org/wiki/Q621101	
https://godot.date/id/twPBzg6BczrmjC73AaHGDm	Ti. Manilius Fuscus II ; Ser. Calpurnius Domitius Dexter	225	225		
https://godot.date/id/NQSkDoews5md3qu5cw2cV6	Imp. Caesar M. Aurelius Severus Alexander Augustus II ;  C. Aufidius Marcellus II	226	226		
https://godot.date/id/LmGjUKRN97dNHaCQsuGaJX	M. Nummius Senecio Albinus ; M. Laelius Fulvius Maximus Aemilianus	227	227		
https://godot.date/id/zuJPYxMJWQE2Ftxnbnsorc	Q. Aiacius Modestus Crescentianus II ; M. Pomponius Maecius Probus	228	228		
https://godot.date/id/hXavbMCpCAst3DUyR7ugj7	Imp. Caesar M. Aurelius Severus Alexander Augustus III ; L. Claudius Cassius Dio Cocceianus II	229	229		
https://godot.date/id/BVdJLU83MjAojK56LzFT4f	L. Virius Agricola ; Sex. Catius Clementinus Priscillianus	230	230		
https://godot.date/id/iiiNmDWWdqPRX3YawNWPuJ	L. Ti. Claudius Pompeianus ; T. Flavius Sallustius Paelignianus	231	231		
https://godot.date/id/fS4o7PSz2bBKJAXEGRmFKe	L. Virius Lupus Iulianus ; L. Marius Maximus	232	232		
https://godot.date/id/Txt8VLTXFmrjtKm7KnEW66	L. Valerius (Claudius Acilius Priscilianus) Maximus ; Cn. Cornelius Paternus	233	233		
https://godot.date/id/nAu2sjLh5KkCqYuThUikw8	M. Clodius Pupienus Maximus II ; M. Munatius Sulla Urbanus	234	234		
https://godot.date/id/WpgmCk6GdE966QhkAsWxY3	Cn. Claudius Severus and. L. Ti. Claudius Aurelius Quintianus	235	235		
https://godot.date/id/MHJyxJH7Bowir2KJ8KDNmM	Imp. Caesar. C. Iulius Verus Maximinus Augustus ; M. Pupienus Africanus	236	236		
https://godot.date/id/xPq8PLocnP9XH2MqwZvcaM	L. Marius Perpetuus ; L. Mummius Felix Cornelianus	237	237		
https://godot.date/id/i4Q9UgMKHzNeQRJZMCjfND	(C.?) Fulvius Pius ; Pontius Proculus Pontianus	238	238		
https://godot.date/id/KgHxZdwACqWpNrUx2WAjra	Imp. Caesar M. Antonius Gordianus Augustus ; M. Acilius Aviola	239	239		
https://godot.date/id/shnwm4jb69eoBXht2XBANa	C. Octavius Appius Suetrius Sabinus II ; Ragonius Venustus	240	240		
https://godot.date/id/pUKzRdMndHCwvnqZgMqhqN	Imp. Caesar M. Antonius Gordianus Augustus II ; Clodius Pompeianus	241	241		
https://godot.date/id/9VnJtCQmfQiiJdrc8E9e7P	C. Vettius Gratus Atticus Sabinianus ; C. Asinius Lepidus Praetextatus	242	242		
https://godot.date/id/GXBqMLD3ECHuiUJx2CCmeG	L. Annius Arrianus ; C. Cervonius Papus	243	243		
https://godot.date/id/W4LAapwJxQoBnTkcdxnzCS	Ti. Pollenius Armenius Peregrinus ; (L.) Fulvius Aemilianus	244	244		
https://godot.date/id/ntHL6oUTu4FHCdkjh45qjN	Imp. Caesar M. Iulius Philippus Augustus ; C. Maesiius Titianus	245	245		
https://godot.date/id/vVNDRA3fC2QfpPoSfLsCVB	C. Bruttius Praesens ; C. Allius Albinus	246	246		
https://godot.date/id/MuXsosQxoEFHdQ4GbWfe7B	Imp. Caesar M. Iulius Philippus Augustus II ; Imp. Caesar M. Iulius Severus Philippus Caesar	247	247		
https://godot.date/id/Lz2wsseAfiDrtQTvR4yN7e	Imp. Caesar M. Iulius Philippus Augustus III ; Imp. Caesar M. Iulius Severus Philippus Augustus II	248	248		
https://godot.date/id/NibjJKwRuJ3yhQxyY2SJF4	L. Fulvius (Gaius Numisius?) Aemilianus II ; L. Naevius Aquilinus	249	249		
https://godot.date/id/fmii95kyJkhgQwRob3aJH8	Imp. Caesar C. Messius Quintus Traianus Decius Augustus II ; Vettius Gratus	250	250		
https://godot.date/id/Bj3b5knChtVrphYx23uncT	Imp. Caesar C. Messius Quintus Traianus Decius Augustus III ; Q. Herennius Etruscus Messius Decius Caesar	251	251		
https://godot.date/id/QnRoVheAGciEktTP8HdVqS	Imp. Caesar C. Vibius Trebonianus Gallus Augustus II ; Imp. Caesar C. Vibius Afinius Gallus Veldumnianus Volusianus Augustus	252	252		
https://godot.date/id/3By9L5gtn6iboz9z4HtZJU	Imp. Casear C. Vibius Volusianus Augustus II ; Valerius (Poplicola Balbinus) Maximus	253	253	https://www.wikidata.org/wiki/Q202222	https://www.wikidata.org/wiki/Q664977
https://godot.date/id/QhcHiWxfWWHPYhMSeZtWXm	Imp. Caesar P. Licinius Valerianus Augustus II ; Imp. Caesar P. licinius Egnatius Gallienus Augustus	254	254		
https://godot.date/id/HYkTULBKR4YSvHpUp6XfU4	Imp. Caesar P. Licinius Valerianus Augustus III ; Imp. Caesar P. Licinius Egnatius Gallienus Augustus II	255	255		
https://godot.date/id/BG8ddjgPAkaK5MHnuHMAcd	L. Valerius (Claudius Acilius Priscilianus) Maximus II ; M. Acilius Glabrio	256	256		
https://godot.date/id/si3A9NDpkNxgy4LU34Mism	Imp. Caesar P. Licinius Valerianus Augustus IV ; Imp. Caesar P. Licinius Gallienus Augustus III	257	257		
https://godot.date/id/z8jkrGqk5mWorh2w4b2CCB	M. Nummius Tuscus ; Mummius Bassus	258	258		
https://godot.date/id/FVPWKyEckg6peEMeJiijjM	(Numius) Aemilianus (Dexter), (Ti. Pomponius) Bassus	259	259		
https://godot.date/id/9aYscUgUeuWMGeL4fEpe9N	P. Cornelius Saecularis II ; C. Iunius Donatus II	260	260		
https://godot.date/id/ARJJsVETnjZGrzXRcn27di	Imp. Caesar P. Licinius Gallienus Augustus IV ; L. Petronius Taurus Volusianus ; EAST: Imp. Caesar Fulvius Macrianus Augustus ; Imp. Caesar Fulvius Quietus Augustus	261	261		
https://godot.date/id/R8sodUNpFZvHKQ9NbXCvFh	Imp. Caesar P. Licinius Gallienus Augustus V ; L. Mummius Faustianus (Nummius Fausianus)	262	262		
https://godot.date/id/Rj8Qzr8NtQQLRaebKX6fba	(M.) Nummius (Ceionius) Albinius II ; Dexter (Maximus)	263	263		
https://godot.date/id/TYNh2Nx8RgfjbCcHxD6XZ8	Imp. Casear P. Gallienus Augustus VI ; Saturninus	264	264		
https://godot.date/id/MTvgz9epFrq8pitUPXg3r6	(Licinius) Valerianus II ; Lucillus	265	265		
https://godot.date/id/gEVph3Tai8MWDJXB2iwUeL	Imp. Caesar P. Licinius Gallienus Augustus VII ; Sabinillus	266	266		
https://godot.date/id/abfL7Hci99comoarRjccmQ	(Ovinius) Paternus ; Archesilaus	267	267		
https://godot.date/id/wfdnKJJXQrspKJ9yFPC3iV	(Aspasius?) Paternus II ; Publius Licinius Egnatius Marinianus	268	268		
https://godot.date/id/tcRkYmMTQM37opoudzDAzZ	Imp. Caesar M. Aurelius Valerius Claudius Augustus ; Paternus	269	269		
https://godot.date/id/Vvc3LL974sraQ32YCBNFNN	Flavius Antiochianus II ; Virius Orfitus	270	270		
https://godot.date/id/CGMzBdiECpemeE324x3uWJ	Imp. Caesar L. Domitius Aurelianus Augustus ; Pomponius Bassus II	271	271		
https://godot.date/id/qDS8tEv2dx3WhEPVYyvmxJ	(T. Flavius Postumius) Quietus ; Iunius Veldumnianus	272	272		
https://godot.date/id/SvnAV9wFhNg639q9JQFBf6	M. Claudius Tacitus, (Iulius) Placidianus	273	273		
https://godot.date/id/Skef7bzNXBNicJm9bMBUnk	Imp. Caesar L. Domitius Aurelianus Augustus II ; Capitolinus	274	274		
https://godot.date/id/PAVCJtTU4YkqMNnXnPhRoe	Imp. Caesar L. Domitius Aurelianus Augustus III ; Marcellinus	275	275		
https://godot.date/id/JxNRgrkoyAGmwBpzoetxhH	Imp. Caesar M. Claudius Tacitus Augustus II ; Aemilianus (II)	276	276		
https://godot.date/id/T3WdU2N9FidqpFCP3uux5c	Imp. Caesar M. Aurelius Probus Augustus ; Paulinus	277	277		
https://godot.date/id/87VHwyEqtJ4V5KwJRtW3NA	Imp. Caesar M. Aurelius Probus Augustus II ; Virius Lupus	278	278		
https://godot.date/id/4gtQGFPJWFGaX3Kyz6hrnD	Imp. Caesar M. Aurelius Probus Augustus III ; Nonius Paternus II	279	279		
https://godot.date/id/sgtZ4txrrR9UmhScQXf9Bo	Messalla ; Gratus	280	280		
https://godot.date/id/2w8Ynu26bYCfvMPnQcKywj	Imp. Caesar M. Aurelius Probus Augustus IV ; C. Iunius Tiberianus	281	281		
https://godot.date/id/DPFBeoEKpNwSgPty24VWkA	Imp. Caesar M. Aurelius Probus Augustus V ; Victorinus	282	282		
https://godot.date/id/NcySFJfu7ivgZbCovHabuf	Imp. Caesar M. Aurelius Carus Augustus II ; Imp. Caesar M. Aurelius Carinus Augustus	283	283		
https://godot.date/id/5fhyZ2eqc7PGqxpFgnH79P	Carinus Augustus II ; Numerianus Augustus	284	284		
https://godot.date/id/egomZbXEvHf9NcJdBJqyrR	Carinus Augustus III ; T. Cl. Aurelius Aristobulus ; Imp. Caesar C. Aurelius Valerius Diocletianus Augustus II	285	285		
https://godot.date/id/pueGuZ79buZxSqh4X4nuT3	M. Iunius Maximus II ; Vettius Aquilinus	286	286		
https://godot.date/id/tzdaoSi2A5xdxNhDsMCqsK	Diocletianus Augustus III ; Maximianus Augustus I	287	287		
https://godot.date/id/nyKTobgtRESiPXSZVH28f8	Maximianus Augustus II ; Pomponius Ianuarianus	288	288		
https://godot.date/id/Wv4Lu8gqLuT6pThgkmdPVA	M. Magrius Bassus ; L. Ragonius Quintianus	289	289		
https://godot.date/id/g2Wc997TMhtQeBn42Qf245	C. Aurelius Valerius Diocletianus Augustus IV ; M. Aurelius Valerius Maximianus Augustus III	290	290		
https://godot.date/id/rwijxyZhdTJaQZUhYiksND	C. Iunius Tiberianus II ; Cassius Dio	291	291		
https://godot.date/id/qQ4QnQpAqDvdVJy979rdCL	Afranius Hannibalianus ; Iulius Asclepiodotus	292	292		
https://godot.date/id/X8kiX8vHtPfkfRJexXMMz7	C. Aurelius Valerius Diocletianus Augustus V ; M. Aurelius Valerius Maximianus Augustus IV	293	293		
https://godot.date/id/Lo93WbixvXJbxrqmNVgcs	Flavius Valerius Constantius Caesar I ; C. Galerius Valerius Maximianus Caesar I	294	294		
https://godot.date/id/Wq3cukAzfGydtxkoJgbUTV	Nummius Tuscus ; C. Annius Anullinus	295	295		
https://godot.date/id/pcEp8VEWGSpSScfcrXuPWT	C. Aurelius Valerius Diocletianus Augustus VI ; Flavius Valerius Constantius Caesar II	296	296		
https://godot.date/id/yRZQ7J7mdAryuZ6tF4H9vn	M. Aurelius Valerius Maximianus Augustus V ; C. Galerius Valerius Maximianus Caesar II	297	297		
https://godot.date/id/46yS4yn9LHD2ryJH5Z8dSA	Anicius Faustus II ; Virius Gallus	298	298		
https://godot.date/id/RzSB9nimU7Qba5RApzVUd6	C. Aurelius Valerius Diocletianus Augustus VII ; M. Aurelius Valerius Maximianus Augustus VI	299	299		
https://godot.date/id/Jn7XmnnUQDQ9jkPz9p4oxY	Flavius Valerius Constantius Caesar III ; C. Galerius Valerius Maximianus Caesar III	300	300		
https://godot.date/id/Kppir5GU5ziiqPP6vhNpN3	T. Flavius Postumius Titianus ; Virius Nepotianus	301	301		
https://godot.date/id/YgaZJNjg3RvfqofF8QgPL3	Flavius Valerius Constantius Caesar IV ; C. Galerius Valerius Maximianus Caesar IV	302	302		
https://godot.date/id/L26TkM5qkVwPzQNobndtPj	C. Aurelius Valerius Diocletianus Augustus VIII ; M. Aurelius Valerius Maximianus Augustus VII	303	303		
https://godot.date/id/jacjiH6crUMS8qH3WSpop4	C. Aurelius Valerius Diocletianus Augustus IX ; M. Aurelius Valerius Maximianus Augustus VIII	304	304		
https://godot.date/id/zvjTJb8aAzCTa7cVkPdcF4	Flavius Valerius Constantius Caesar V ; C. Galerius Valerius Maximianus Caesar V	305	305		
https://godot.date/id/i7VRyGf9ipjbow9Eb8TZZh	Flavius Valerius Constantius Augustus VI ; C. Galerius Valerius Maximianus Augustus VI	306	306		
https://godot.date/id/PLgnuK7ESgwc4gZU9drfgd	Flavius Valerius Severus Augustus ; Galerius Valerius Maximinus Caesar (East) ; C. Galerius Valerius Maximianus Augustus VII, Flavius Valerius Constantinus Caesar (West) ; Galerius Valerius Maximinus Caesar (Rome; January -April, afterw	307	307		
https://godot.date/id/3CYerR5FxhRLqwQe2CKTdA	C. Aurelius Valerius Diocletianus senior Augustus X ; C. Galerius Valerius Maximianus Augustus VII ; M. Aurelius Valerius Maxentius Augustus ; Valerius Romulus I (Rome; April -December)	308	308		
https://godot.date/id/iVahDZnY48FvwwHuwiBBVH	C. Valerius Licinianus Licinius Augustus - Licinnius ; Flavius Valerius Constantinus Augustus ; M. Aurelius Valerius Maxentius Augustus II ; Valerius Romulus II (Rome)	309	309		
https://godot.date/id/qkdPkr3i5MRfqAQvGfyGMY	Tatius Andronicus ; Pompeius Probus ; M. Aurelius Valerius Maxentius Augustus III (Rome)	310	310		
https://godot.date/id/fecYQhgUPaEUXC2NQHTgHQ	C. Galerius Valerius Maximianus Augustus VIII ; Galerius Valerius Maximinus Augustus II ; C. Caeionius Rufius Volusianus ; Aradius Rufinus (Rome; from September)	311	311		
https://godot.date/id/cJhi43CMX8b2c8RfkciLyk	Flavius Valerius Constantinus Augustus II ; C. Valerius Licinianus Licinius Augustus II - Licinnius ; M. Aurelius Valerius Maxentius Augustus IV (Rome)	312	312		
https://godot.date/id/zgtvpu7AnuzV3x34e5FgJk	Flavius Valerius Constantinus Augustus III ; Galerius Valerius Maximinus Augustus III (Jan-May) ; C. Valerius Licinianus Licinius Augustus III - Licinnius (from August on)	313	313		
https://godot.date/id/KeK9JDk5rxxkusc8XbtwLM	C. Ceionius Rufius Volusianus II ; Petronius Annianus	314	314		
https://godot.date/id/tbav7Uy5XWUMAKMYhMzLQD	Flavius Valerius Constantinus Augustus IV ; C. Valerius Licinianus Licinius Augustus IV - Licinnius	315	315		
https://godot.date/id/9qqQeEfJHwFasEgaATrCuH	Antonius Caecinius Sabinus ; Vettius Rufinus	316	316		
https://godot.date/id/nVtt6M5MooqcbY6FAxatB3	Ovinius Gallicanus ; Caesonius Bassus	317	317		
https://godot.date/id/5Sdy5jhL9r5ckaYV4fo8T3	C. Valerius Licinianus Licinius Augustus V - Licinnius ; Flavius Iulius Crispus Caesar	318	318		
https://godot.date/id/pKssLN67tJqzYdaHBjVyQE	Flavius Valerius Constantinus Augustus V ; Valerius Licinianus Licinius Caesar - Licinnius	319	319		
https://godot.date/id/6qK76wAV7wStiG2x72bMY3	Flavius Valerius Constantinus Augustus VI ; Flavius Claudius Constantinus Caesar	320	320		
https://godot.date/id/kTBLbbKKnLGovf9YwZCF8G	C. Valerius Licinianus Licinius Augustus VI - Licinnius ; Valerius Licinianus Licinius Caesar II (East) ; Flavius Iulius Crispus Caesar II ; Flavius Claudius Constantinus Caesar II (West)	321	321		
https://godot.date/id/K6jmK24XLwBytc2mhNfomH	consuls designate II (East) ; Petronius Probianus ; Amnius Anicius Iulianus (West)	322	322		
https://godot.date/id/PGijypymgdCHcXiZh8gosQ	consuls designate III (East) ; Acilius Severus ; Vettius Rufinus (West)	323	323		
https://godot.date/id/QTKL3Tg9REisSmJ7iqd7xk	consuls designate IV (East, until November) ; Flavius Iulius Crispus Caesar III ; Flavius Claudius Constantinus Caesar III	324	324		
https://godot.date/id/ALSktKafuo38WrfaMzbksG	Sex. Anicius Paulinus ; Valerius Proculus - Proclus (to May) ; Julianus (from May)	325	325		
https://godot.date/id/jdLfpnFUuhpnm7btHUxUW7	Flavius Valerius Constantinus Augustus VII ; Flavius Iulius Constantius Caesar	326	326		
https://godot.date/id/ddoTvjvTAsXm9GnCA8xAfV	Flavius Constantius ; Valerius Maximus	327	327		
https://godot.date/id/kUPHW9wDKy8NYYLBzwpyA8	Flavius Ianuarinus ; Vettius Iustus	328	328		
https://godot.date/id/6EaeR4Etf5cEvJsKayoaNd	Flavius Valerius Constantinus Augustus VIII ; Flavius Claudius Constantinus Caesar IV	329	329		
https://godot.date/id/vugZ5bgPG96cpfZPyqUJmB	Flavius Gallicanus ; Aurelius Valerius Tullianus Symmachus	330	330		
https://godot.date/id/vs4d6A5cz5bukQd5RRyGnP	Iunius Annius Bassus ; Flavius Ablabius	331	331		
https://godot.date/id/NubZH3QRe6LxS3wdFMu696	Lucius Papius Pacatianus ; Maecilius Hilarianus	332	332		
https://godot.date/id/YMDYdBeXhrxLfHD3EoBYAm	Flavius Dalmatius ; Domitius Zenophilus	333	333		
https://godot.date/id/A83jTVKF4JGZtTYvWMbSVh	Flavius Optatus ; Amnius M'. Caesonius Nicomachus Anicius Paulinus	334	334		
https://godot.date/id/ZfGEqku7Xyt8hZBZneVAgh	Iulius Constantius ; Ceionius Rufius Albinus	335	335		
https://godot.date/id/Cmb7nhVFiv5vEipWgDXqpn	Virius Nepotianus ; Tettius Facundus	336	336		
https://godot.date/id/m9sL4AX8fGodQuQpoBWNAA	Flavius Felicianus ; Fabius Titianus	337	337		
https://godot.date/id/HvztNMAJqTCHrckHzgZUHT	Flavius Ursus ; Flavius Polemius	338	338		
https://godot.date/id/KpT9y4BXLPKZfc8yjmBUPF	Flavius Iulius Constantius Augustus II ; Flavius Iulius Claudius Constans Augustus	339	339		
https://godot.date/id/BDEQzk9VeeUTWP77x7KGUd	Septimius Acindynus ; L. Aradius Valerius Proculus Populonius	340	340		
https://godot.date/id/wFJ7rEd6qocJ5qQgg8EDE9	Antonius Marcellinus ; Petronius Probinus	341	341		
https://godot.date/id/v3qTRQQKY5Kj5RN5ZrnBLW	Flavius Iulius Constantius Augustus III ; Flavius Iulius Claudius Constans Augustus II	342	342		
https://godot.date/id/xnJUYa76esqtjHugARGmJN	M. Maecius Memmius Furius Baburius Caecilianus Placidus ; Flavius Romulus	343	343		
https://godot.date/id/GXjzRRcZYBtcgbpsN5fovS	Domitius Leontius ; Iulius Sallustius ; Flavius Bonosus (West ; until April/May)	344	344		
https://godot.date/id/jgGWV9FUnwTtoFzU3C8qHW	Flavius Amantius ; M. Nummius Albinus	345	345		
https://godot.date/id/f2eSHakus5RJncLAHmnTYB	Flavius Iulius Constantius Augustus IV ; Flavius Iulius Claudius Constans Augustus III	346	346		
https://godot.date/id/bJvzpyLZGnSx8fpfQNP9x7	Vulcacius Rufinus ; Flavius Eusebius	347	347		
https://godot.date/id/ERL6Li8BTB8sBTEW9sAYqC	Flavius Philippus ; Flavius Salia	348	348		
https://godot.date/id/RAJFt9tFyFpozerXkHNiug	Ulpius Limenius ; Fabius Aconius Catullinus Philomathius	349	349		
https://godot.date/id/FYidNHr39cVdsoHDmzTUJm	Flavius Sergius ; Flavius Nigrinianus	350	350		
https://godot.date/id/DjhKbvBdsXBFcNcpKPpmRW	no consul (East) ; Flavius Magnus Magnentius Augustus ; Gaiso (West)	351	351		
https://godot.date/id/EwsiuQ2D5Ric8VeJvRB65B	Flavius Iulius Constantius Augustus V ; Flavius Claudius Constantius Caesar I (East) ; Flavius Magnus Decentius Caesar ; Paulus (West)	352	352		
https://godot.date/id/n4v4G9FTn5DPka7o4ELNkP	Flavius Iulius Constantius Augustus VI ; Flavius Claudius Constantius Caesar II	353	353		
https://godot.date/id/Gow7ywGXCEXng49FMmBUAc	Flavius Iulius Constantius Augustus VII ; Flavius Claudius Constantius Caesar III	354	354		
https://godot.date/id/Vrg7gZG9bAXzSFiuJYBqnU	Flavius Arbitio - Arbetionus ; Q. Flavius Maesius Egnatius Lollianus	355	355		
https://godot.date/id/fpd6Tgymq6Qc8yCZjJvQgM	Flavius Iulius Constantius Augustus VIII ; Flavius Claudius Iulianus Caesar	356	356		
https://godot.date/id/CmawNF9tKL9f9B9Ynb6WPC	Flavius Iulius Constantius Augustus IX ; Flavius Claudius Iulianus Caesar II	357	357		
https://godot.date/id/t7ZK5i42uaTsasdkpZAE88	Censorius Datianus ; Neratius Cerealis	358	358		
https://godot.date/id/rQxQLo49VsgS52yHYgCVrm	Flavius Eusebius ; Flavius Hypatius	359	359		
https://godot.date/id/VQVrRhNqCoLQeBRajNRdRf	Flavius Iulius Constantius Augustus X ; Flavius Claudius Iulianus Caesar III	360	360		
https://godot.date/id/ssvUuKTmQ8jVkvFNDnMFgV	Flavius Taurus ; Flavius Florentius ; Eusebius (in papyri)	361	361		
https://godot.date/id/vs9bfbDVyRChsCydDYe2bf	Claudius Mamertinus ; Flavius Nevitta - Nebietta	362	362		
https://godot.date/id/PuQsTmFF3LbruuE6TFwFGV	Flavius Claudius Iulianus Augustus IV ; Flavius Sallustius	363	363		
https://godot.date/id/PqR9y5py2SX8rr77M8XnUe	Flavius Iovianus Augustus ; Varronianus	364	364		
https://godot.date/id/n3EMK8pQ7W5Ws43u5ekPhS	Flavius Valentinianus Augustus ; Flavius Iulius Valens Augustus	365	365		
https://godot.date/id/HtQCP6VfiFEiKC6iWWGS29	Flavius Gratianus ; Dagalaifus	366	366		
https://godot.date/id/N2W46HKb9BohaYc5VTh6rG	Flavius Lupicinus ; Flavius Iovinus	367	367		
https://godot.date/id/xZNUAipy4fomSFrGfAuzR5	Flavius Valentinianus Augustus II ; Flavius Iulius Valens Augustus II ; in papyri also Flavius Gratianus Augustus II	368	368		
https://godot.date/id/jLGXDev2RsHJW2DudvFLe5	Valentinianus ; Flavius Victor	369	369		
https://godot.date/id/uk4pLHb7WGmb3RpyxUg8LN	Flavius Valentinianus Augustus III ; Flavius Iulius Valens Augustus III	370	370		
https://godot.date/id/7NMMF5PFTViq8od7UWeCsD	Flavius Gratianus Augustus II ; Sex. Claudius Petronius Probus	371	371		
https://godot.date/id/FyMcx6J2tWTqJRw6iDDJJb	Domitius Modestus ; Flavius Arintheus	372	372		
https://godot.date/id/gS6xx9eqPe8RLXvwgi7Kvj	Flavius Valentinianus Augustus IV ; Flavius Iulius Valens Augustus IV	373	373		
https://godot.date/id/ayKM57CEGA7cQNZwYVaypk	Flavius Gratianus Augustus III ; Flavius Equitius - Ekytius	374	374		
https://godot.date/id/Jjzba2i8U62ZsysSWKXQjH	no consul	375	477		
https://godot.date/id/NoSGK2D7Yx47uVrMJNmyLa	Flavius Iulius Valens Augustus V ; Flavius Valentinianus Iunior Augustus	376	376		
https://godot.date/id/7TFkjCuqQ4ZEkeK9ktMf5R	Flavius Gratianus Augustus IV ; Flavius Merobaudes	377	377		
https://godot.date/id/2HPuDeHXdJkX6wSVSBTmLG	Flavius Iulius Valens Augustus VI ; Flavius Valentinianus Iunior Augustus II	378	378		
https://godot.date/id/YYHVKVUAEMmkHRZhDdEsvb	Decimius Magnus Ausonius ; Q. Clodius Hermogenianus Olybrius	379	379		
https://godot.date/id/Y7jQbVxXZF3TKe5NuMDaUc	Flavius Gratianus Augustus V ; Flavius Theodosius Augustus	380	380		
https://godot.date/id/AsetmgmATz8jHgEWyHfUqU	Flavius Eucherius ; Flavius Syagrius	381	381		
https://godot.date/id/huX5qfghbcLxk48LykRhfT	Flavius Claudius Antonius ; Flavius Afranius Syagrius	382	382		
https://godot.date/id/oF3RBNoihvNLAhHDrQHVJP	Flavius Merobaudes II ; Flavius Saturninus	383	383		
https://godot.date/id/nwKoEca2tKu5cpdzqskJBb	Flavius Ricomer - Rinchomerus ; Flavius Clearchus	384	384		
https://godot.date/id/t76c9tjvKenT7A9Poa5n7f	Flavius Arcadius Augustus ; Flavius Bauto	385	385		
https://godot.date/id/jru3iZ2URKSwTcosRXUK2P	Flavius Honorius ; Flavius Euodius	386	386		
https://godot.date/id/q7YZYFYPZHbKPmMzAt45e8	Flavius Valentinianus Iunior Augustus III ; Eutropius	387	387		
https://godot.date/id/7iTxoAtP6RAtP9mperSxs6	Flavius Theodosius Augustus II ; Maternus Cynegius ; Magnus Maximus Augustus II (West, until Aug.)	388	388		
https://godot.date/id/yCAYCppm9wB6ws8Gxf8Fag	Flavius Timasius ; Flavius Promotus	389	389		
https://godot.date/id/uQtSuZVmPVSzLAAxp9wWvH	Flavius Valentinianus Iunior Augustus IV ; Flavius Neoterius	390	390		
https://godot.date/id/AaX39Fo3asBDYx7x7KCP4b	Flavius Eutolmius Tatianus ; Q. Aurelius Symmachus	391	391		
https://godot.date/id/LAymAjGwnEDNJH3qEr2Fdd	Flavius Arcadius Augustus II ; Flavius Rufinus	392	392		
https://godot.date/id/ZVN8u5nABg44asXnyMdjnA	Flavius Theodosius Augustus III (West ; East) ; Flavius Abundantius (East) ; Flavius Eugenius Augustus (West)	393	393		
https://godot.date/id/f5QBPMZghMpcpwSykkJm9E	Flavius Arcadius Augustus III ; Flavius Honorius Augustus II ; Virius Nicomachus Flavianus (West, until Sept.)	394	394		
https://godot.date/id/qP3GKCypDwFgWqCAbSMVRK	Anicius Hermogenianus Olybrius ; Anicius Probinus	395	395		
https://godot.date/id/wyoxHyJMpmrQEyYpmxVRzm	Flavius Arcadius Augustus IV ; Flavius Honorius Augustus III	396	396		
https://godot.date/id/2XoSe33ycFz9iaqif4oW8K	Flavius Caesarius ; Nonius Atticus	397	397		
https://godot.date/id/eiAynyeK38J38Gekgvbf2X	Flavius Honorius Augustus IV ; Flavius Eutychianus	398	398		
https://godot.date/id/J2JfK2YkunPi7HMmGSTinA	Eutropius (until Aug.) ; Flavius Mallius Theodorus	399	399		
https://godot.date/id/b2Fq2d2efFt2GF5TcqEDWh	Flavius Stilicho ; Aurelianus	400	400		
https://godot.date/id/UQZ9d5Lg6NKzHLtbHrTgkR	Flavius Vincentius ; Flavius Fravitta	401	401		
https://godot.date/id/y7UdWhTu7SivyMwzigxsPE	Flavius Arcadius Augustus V ; Flavius Honorius Augustus V	402	402		
https://godot.date/id/LxZYs8uE59N73hBNoPqKpZ	Flavius Theodosius Augustus I ; Flavius Rumoridus	403	403		
https://godot.date/id/tjGrP73UtujiDTVFUVMs4m	Flavius Honorius Augustus VI ; Aristaenetus	404	404		
https://godot.date/id/Qi9gqxNKWmg7q4hTi5M9GQ	Flavius Stilicho II ; Flavius Anthemius	405	405		
https://godot.date/id/JgSd8vLT24xzjv7ptWMGnY	Flavius Arcadius Augustus VI ; Anicius Petronius Probus	406	406		
https://godot.date/id/NQMZQi355KMHBEWT6YEbN9	Flavius Honorius Augustus VII ; Flavius Theodosius Augustus II	407	407		
https://godot.date/id/CAcqzVH3jUfNuHH88yadUQ	Anicius Auchenius Bassus ; Flavius Philippus	408	408		
https://godot.date/id/xqRgNajzsjdmAnZrWMomcj	Flavius Honorius Augustus VIII ; Flavius Theodosius Augustus III ; Flavius Claudius Constantinus Augustus (Britannia/Gaul)	409	409		
https://godot.date/id/QXyKRNvRVKuVnSmGxW4STn	Tertullus (West) ; Varanes	410	410		
https://godot.date/id/Ye5odBnTMMMhGJRUrMHJLB	Flavius Honorius Augustus IX ; Flavius Theodosius Augustus IV	411	411		
https://godot.date/id/irYaHWaDsaQHX3FJRKUVR5	Flavius Honorius Augustus IX ; Flavius Theodosius Augustus V	412	412		
https://godot.date/id/uw2UmdMkQBWxvo6VUNTd2V	Heraclianus ; Flavius Lucius	413	413		
https://godot.date/id/J8ahBjMswehYLHhCwiLob8	Flavius Constantius ; Flavius Constans	414	414		
https://godot.date/id/LmLbLUeXYSe5kbpj5KWYRR	Flavius Honorius Augustus X ; Flavius Theodosius Augustus VI	415	415		
https://godot.date/id/AfojD4THJCgiRWFqCxj5K4	Flavius Theodosius Augustus VII ; Iunius Quartus Palladius	416	416		
https://godot.date/id/gyrp7h9et5UZ793QCnDg7G	Flavius Honorius Augustus XI ; Flavius Constantius II	417	417		
https://godot.date/id/48FG5CfnXhqLvVKb4EmHBa	Flavius Honorius Augustus XII ; Flavius Theodosius Augustus VIII	418	418		
https://godot.date/id/D9dPeT47Hk3WxnDop9EdrX	Flavius Monaxius ; Flavius Plinta	419	419		
https://godot.date/id/yh76vYRqZzj2rc8a4ExdPa	Flavius Theodosius Augustus IX ; Flavius Constantius III	420	420		
https://godot.date/id/7DmXzTr42CTtGS4Xfunp6k	Flavius Agricola ; Flavius Eustathius	421	421		
https://godot.date/id/wnf985Gg4Uf3W9eNkHUKcn	Flavius Honorius Augustus XIII ; Flavius Theodosius Augustus X	422	422		
https://godot.date/id/h97PJdzfvRiFXVhay4hTi8	Flavius Asclepiodotus ; Flavius Avitus Marinianus	423	423		
https://godot.date/id/f6yLrv8NqqwDJtZAYatb2e	Flavius Castinus ; Flavius Victor	424	424		
https://godot.date/id/A7PWpcA48p7FmpLvM8Ppc8	Flavius Theodosius Augustus XI ; Placidus Valentinianus Caesar, Ioannes Augustus (West until April)	425	425		
https://godot.date/id/M89mUnZLg42g8epEjesHEF	Flavius Theodosius Augustus XII ; Flavius Placidus Valentinianus Augustus II	426	426		
https://godot.date/id/NzerLehtMdHWeKb67i4634	Flavius Hierius ; Flavius Ardabur - Artaburius	427	427		
https://godot.date/id/k4BUsHUUUwuvKUC9kAXynU	Flavius Felix ; Flavius Taurus	428	428		
https://godot.date/id/NkqNiBsNZRRw4bFCcaJqaM	Flavius Florentius ; Flavius Dionysius	429	429		
https://godot.date/id/C3n7uYMkqoXUtkhYfSoQTN	Flavius Theodosius Augustus XIII ; Flavius Placidus Valentinianus Augustus III	430	430		
https://godot.date/id/EqRmmb6FVJFFrnE9vPFVfW	Flavius Antiochus ; Anicius Auchenius Bassus	431	431		
https://godot.date/id/FHFvHxYpeJzhG93TQPDtfb	Flavius Valerius ; Flavius Aetius	432	432		
https://godot.date/id/hDWe3na8QYcfWotC359HkJ	Flavius Theodosius Augustus XIV ; Petronius Maximus	433	433		
https://godot.date/id/DNnMNETweTmsgtRhC2Ushc	Flavius Areobindus Flavius Ardabur Aspar ; Flavius Ardabur Aspar	434	434		
https://godot.date/id/Fw8a84bTxd8j9QazT9B43R	Flavius Theodosius Augustus XV ; Flavius Placidus Valentinianus Augustus IV	435	435		
https://godot.date/id/Ks2oNUAygNyaFvZCzCz5e8	Flavius Anthemius Isidorus ; Flavius Senator	436	436		
https://godot.date/id/riKqPLX2fjPGFD7px4Ek8Q	Flavius Aetius II ; Flavius Sigisvultus	437	437		
https://godot.date/id/8aVKi8WRDdFHeZCzm4P8AP	Flavius Theodosius Augustus XVI ; Anicius Acilius Glabrio Faustus	438	438		
https://godot.date/id/Agq5Qn6FLvoJtBYkqWzaV5	Flavius Theodosius Augustus XVII ; Flavius Festus	439	439		
https://godot.date/id/Rj8LgSSPQ7W7qHjrLCQA57	Flavius Placidus Valentinianus Augustus V ; Flavius Anatolius	440	440		
https://godot.date/id/izBuQhi4i4SFxbryr2RuRf	Flavius Taurus Seleucus Cyrus	441	441		
https://godot.date/id/3pRko2KGrzohNY8SVLxKCm	Flavius Eudoxius ; Flavius Dioscorus	442	442		
https://godot.date/id/KzcBf5qhg6bsH7DvrEPA	Petronius Maximus II ; Flavius Paterius	443	443		
https://godot.date/id/f3yGpn3WreFJGP7ptf7Dw8	Flavius Theodosius Augustus XVIII ; Caecina Decius Aginatius Albinus	444	444		
https://godot.date/id/vKCxUdwhuvd4o67X3a6ddD	Flavius Placidus Valentinianus Augustus VI ; Flavius Nomus	445	445		
https://godot.date/id/vKvxgVphFLGzhXKzCK75je	Flavius Aetius III ; Q. Aurelius Symmachus	446	446		
https://godot.date/id/LfEkE9ZoDG6Jyo4fFAzW88	Flavius Calepius - Alypius ; Flavius Ardabur iunior	447	447		
https://godot.date/id/6LxJtn2a8tLkt2nHQfHjVi	Flavius Zeno ; Flavius Rufius Praetextatus Postumianus	448	448		
https://godot.date/id/G7Xp6eFWFsRRMbzTzxWny7	Flavius Flor(entius?) Romanus Protogenes ; Flavius Astyrius - Asturius	449	449		
https://godot.date/id/eNu8Bub43kytmJnvmrwEY8	Flavius Placidus Valentinianus Augustus VII ; Gennadius Avienus	450	450		
https://godot.date/id/JdKZ7RSBV3Zvmxpqypr6Lk	Flavius Marcianus Augustus VI ; Valerius Faltoniuselfius	451	451		
https://godot.date/id/Up4cNhYUFoxWbPyHMZiWn8	Flavius Sporacius ; Flavius Bassus Herculanus	452	452		
https://godot.date/id/HervyYqHQk5UAxcC98MWvf	Iohannes Vincomalus ; Flavius Opilio	453	453		
https://godot.date/id/xe8LDiyxEk6QUDr9i3fruc	Flavius Aetius ; Flavius Studius	454	454		
https://godot.date/id/omkiUu2vdbHB3queUfykLg	Flavius Placidus Valentinianus Augustus VIII ; Flavius Anthemius	455	455		
https://godot.date/id/u8FuvxNCEPb2wPAwKXVRC8	Flavius Iohannes ; Flavius Varanes ; Eparchius Avitus Augustus (West, until Oct.)	456	456		
https://godot.date/id/SFyGejnuLnPphE3F5WzoUV	Flavius Constantinus ; Flavius Rufus	457	457		
https://godot.date/id/vvrsyd6HuFoz32xdXsxnGc	Flavius Valerius Leo Augustus ; Iulius Maiorianus Augustus	458	458		
https://godot.date/id/UzzStZWsg4JAKdLt44THrf	Flavius Ricimer ; Flavius Iulius Patricius	459	459		
https://godot.date/id/FTdtVsbYz4KGEoXszMh3qk	Flavius Apollonius ; Flavius Magnus	460	460		
https://godot.date/id/mNLj37Uv7DN3aqjeZ8RqDP	Flavius Dagalaiphus ; Flavius Severinus	461	461		
https://godot.date/id/dGFWc6vzkC42g3sizeshmQ	Flavius Valerius Leo Augustus II (East) ; Flavius Libius Severus Serpentius Augustus (West)	462	462		
https://godot.date/id/rnwgkmvQ5gaDTstCxPTjTe	Flavius Vivianus ; Caecina Decius Basilius	463	463		
https://godot.date/id/wKo9uRGRMiJMy8kUeEUakL	Flavius Rusticius ; Anicius Olybrius	464	464		
https://godot.date/id/PVZ96MAM5MbWgJ4Pg48Xui	Flavius Basiliscus ; Flavius Hermenericus	465	465		
https://godot.date/id/CPKniPJpVD4MP9mdburaKM	Flavius Valerius Leo Augustus III ; Tatianus (Gaul)	466	466		
https://godot.date/id/UmwVJVRwavMD4fombgVyk3	Flavius Pusaeus ; Flavius Iohannes	467	467		
https://godot.date/id/mQJM6ahKEf3NdapWM9Ew7d	Procopius Anthemius Augustus II	468	468		
https://godot.date/id/LhWoVJvkC8Hz7y6EXtjDBD	Flavius Zeno ; Flavius Marcianus	469	469		
https://godot.date/id/CSPqZWJ8N7zDpuSwU5DcDW	Flavius Iordanes ; Messius Phoebus Severus	470	470		
https://godot.date/id/AdGhkcNQxAh8u8P6majtyi	Flavius Valerius Novus Leo Augustus IV ; Caelius Aconius Probianus	471	471		
https://godot.date/id/hj7pbS7BECRhVnqthECdW7	Flavius Marcianus ; Rufius Postumius Festus	472	472		
https://godot.date/id/uma6eNnrkpQvAe87z6dv5d	Flavius Valerius Leo Augustus V	473	473		
https://godot.date/id/bk8ZFjeS5CoqhCqmLaDShW	Flavius Leo iunior Augustus	474	474		
https://godot.date/id/2esommBkwHn3yDtaqdvoEQ	Flavius Zeno Augustus II (consulate cancelled by Basiliscus)	475	475		
https://godot.date/id/rkmKEQs5ewDfE8mAQMJyki	Flavius Basiliscus Augustus II ; Flavius Armatus	476	476		
https://godot.date/id/DiEn9xUZnt7zuxGf5Yk5aB	Illus	478	478		
https://godot.date/id/N9hXkAGC7YDh6GWUtLLjo6	Flavius Zeno Augustus III	479	479		
https://godot.date/id/TNDXQ4npsHBmCJQJMedHFg	Caecina Decius Maximus Basilius iunior	480	480		
https://godot.date/id/ePiiM4TvS3uUCu9n8qG77K	Rufius Achilius Maecius Placidus	481	481		
https://godot.date/id/R6NWog95mao56prpBA5mi	Flavius Appalius Illus Trocundes ; Severinus iunior	482	482		
https://godot.date/id/gr2EAieawFNoQVDAkRu5TR	no consul (East) ; Anicius Acilius Aginantius Faustus iunior	483	483		
https://godot.date/id/3ADqMXdbAoWaj2qwxkcjBj	Flavius Theodericus (East) ; Decius Marius Venantius Basilius (West)	484	484		
https://godot.date/id/e6rDvmkhzhjrNXuXRfWZyY	no consul (East) ; Q. Aurelius Memmius Symmachus iunior (West)	485	485		
https://godot.date/id/rvW2tS8Hh2JVqs3JYmSxZn	Flavius Longinus ; Caecina Mavortius Basilius Decius iunior (not accepted in the East)	486	486		
https://godot.date/id/6coSLNUhGQ7LRcjCrNLGH5	no consul (East) ; Nar. Manlius Boethius (West)	487	487		
https://godot.date/id/8bsycH4yZmHSNeENSspRH9	no consul (East) ; Claudius Iulius Ecclesius Dynamius ; Rufius Achilius Sividius (West)	488	488		
https://godot.date/id/uNiRwbRsVcJzUEZC2o7PWJ	Flavius Eusebius ; Petronius Probinus	489	489		
https://godot.date/id/SEEZtydXvZjsdfg9drYKBC	Flavius Longinus II ; Anicius Probus Faustus iunior	490	490		
https://godot.date/id/NccXjwnRiaBzRbtPCD7qy	Flavius Anicius Olybrius Iunior	491	491		
https://godot.date/id/EoRAasVc3yGCoy9QfTELKW	Flavius Anastasius Augustus ; Flavius Rufus	492	492		
https://godot.date/id/hHU5Kv8WyLoJtYGQVFwjjc	Flavius Eusebius II (East) ; Flavius Albinus iunior (West)	493	493		
https://godot.date/id/bhzBDCgwcZDyWe6ZGWtNqG	no consul (East) ; Flavius Turcius Rufius Apronianus Asterius ; Flavius Praesidius (West)	494	494		
https://godot.date/id/Adsmk46829U69bCVbzsuhW	Flavius Viator	495	495		
https://godot.date/id/F5BiLwD9Li4Uxy4g8puzE6	Flavius Paulus	496	496		
https://godot.date/id/aXctGqWotFp6NCeVfJgMsG	Flavius Anastasius Augustus II	497	497		
https://godot.date/id/jNhsKgeK9rDz2JvCRhDb2A	Iohannes Scytha ; Flavius Paulinus	498	498		
https://godot.date/id/5DJncYdvfqEsHGYZRDJxEC	Flavius Iohannes Gibbus	499	499		
https://godot.date/id/atgk55SLo5NfKwt8tKVmLY	Flavius Patricius ; Flavius Hypatius	500	500		
https://godot.date/id/AeHZJu4Kc7rQLeqbghtqC9	Flavius Pompeius ; Flavius Avienus	501	501		
https://godot.date/id/RXtQY5PyuNzNf7UixCRMnk	Fl. Probus ; Rufius Magnus Faustus Avienus	502	502		
https://godot.date/id/zwn42hmYE4YkW8QbmXD2vK	Flavius Dexicrates ; Fl.Volusianus	503	503		
https://godot.date/id/4gQkDYuSSt7HZpoJ2EP8TB	Rufius Petronius Nicomachus Cethegus	504	504		
https://godot.date/id/PjndXYAo6Ha5rvJPYEQBSW	Flavius Sabinianus ; Fl. Theodorus	505	505		
https://godot.date/id/yDbYS2XFaKktkMVL2EqDTj	Flavius Areobindus Dagalaifus Areobindus ; Ennodius Messala	506	506		
https://godot.date/id/AACcFKqMEX2SKaydLbQigH	Anastasius Augustus III ; Venantius	507	507		
https://godot.date/id/x8Ub723aY7nUjGLw8rYuVU	Flavius Celer ; Basilius Venantius	508	508		
https://godot.date/id/dZEnPxwN86ZseQRWCPty6E	Flavius Inportunus - Opportunus	509	509		
https://godot.date/id/toGCWtWjAAr8cgY8U2uPuQ	Anicius Manlius Severinus Boethius	510	510		
https://godot.date/id/jgWSkxk2zt5ywpN6fSo47J	Flavius Secundinus ; Flavius Felix	511	511		
https://godot.date/id/ujPEFJmcNbqGSPmmn8ZkJE	Flavius Paulus ; Flavius Moschianus	512	512		
https://godot.date/id/8VnxRCj638N2uHWtF2fNt	Flavius Taurus Clementinus Armonius Clementinus ; Flavius Probus	513	513		
https://godot.date/id/mfnmFu8cxRGwkGH2jjyiYD	Magnus Aurelius Cassiodorus Senator	514	514		
https://godot.date/id/mdgFsAmeb9N8uu8LUshA4	Flavius Florentius ; Procopius Anthemius	515	515		
https://godot.date/id/X8bLhEH6HHJ9YXxz32H9B9	Flavius Petrus	516	516		
https://godot.date/id/EtvRqGmq8sAiUtmTjMTFGA	Flavius Anastasius Paulus Prob. Sabinianus Pompeius Anastasius ; Flavius Agapitus	517	517		
https://godot.date/id/kuGBTvhyhdMUFutCMPiQCi	Flavius Anastasius Paulus Probus Moschianus Probus Magnus	518	518		
https://godot.date/id/hqBvTXThmdTkeraZxYQvQi	Iustinus Augustus ; Eutharicus Cillica	519	519		
https://godot.date/id/Sj7cL7zER3mihg5J67cDER	Flavius Vitalianus ; Flavius Rusticius	520	520		
https://godot.date/id/vL4hMoNswZSxTv5GtFMcBo	Flavius Petrus Sabbatius Iustinianus ; Flavius Valerius	521	521		
https://godot.date/id/fwxxZLLCzGuaw5uBWZSFsA	Flavius Symmachus ; Flavius Boethius	522	522		
https://godot.date/id/bsYEkaAqFBr62UX644abq3	Flavius Maximus	523	523		
https://godot.date/id/FBhNiaGr4ZJmWBk3FwHzRo	Iustinus Augustus II ; Venantius Opilio	524	524		
https://godot.date/id/XwgXPVgNkqQPnKZzNvUX65	Flavius Theodorus Philoxenus Soterichus Philoxenus ; Flavius Probus	525	525		
https://godot.date/id/mbUhXdkfAFqinP6cGpbqrU	Flavius Olybrius	526	526		
https://godot.date/id/2yCYF3foeyFaTk6jLoGVQZ	Vettius Agorius Basilius Mavortius	527	527		
https://godot.date/id/nSUjQmckwFxvoozQp3Ghw4	Iustinianus Augustus II	528	528		
https://godot.date/id/Wpiq8GACJhptnMVaMVMwSh	Flavius Decius	529	529		
https://godot.date/id/KxRxtYZPrihuhkhotLrkG6	Flavius Lampadius ; Rufius Gennadius Probus Orestes	530	530		
https://godot.date/id/U9MY8npbmS3mXzAcncQkdb	no consul	531	599		
https://godot.date/id/soWUQVDGekMQXU3PZvDmzW	Iustinianus Augustus III	533	533		
https://godot.date/id/xRBcVX43Sfr57ey7wJP4iZ	Iustinianus Augustus IV ; Flavius Paulinus	534	534		
https://godot.date/id/i7ZVJjdTVkH9VydTQnCGkn	Flavius Belisarius	535	535		
https://godot.date/id/sBYjzh4h5SvgX4rnNTAVqC	Flavius Iohannes	538	538		
https://godot.date/id/QqtkuoPtySBe8TBuJe3khb	Flavius Strategius Apion Strategius Apion	539	539		
https://godot.date/id/KYCPAL2eyUGXNAwmTYbGR3	Flavius Mar. Petrus Theodorus Valentinus Rusticius Boraides Germanus Iustinus	540	540		
https://godot.date/id/zbQNtDSJbjX9iXne53EAbf	Anicius Faustus Albinus Basilius	541	541		
https://godot.date/id/oBxJeBSJm2CAynWCDaACJk	Flavius Iustinus Iunior Augustus	566	566		
https://godot.date/id/Vk49NRPgWDmGusfHVSSoLg	Flavius Iustinus Iunior Augustus II	568	568		
https://godot.date/id/gbwD2db9Rx4kFVyYvqgTu4	Flavius Tiberius Constantinus Augustus	579	579		
https://godot.date/id/qeGT2pdFwrJuv4gM8TsWHZ	Flavius Mauricius Tiberius Augustus	583	583		
